id,identifier,species_id,height,weight,base_experience,order,is_default,base_hp,base_atk,base_def,base_spa,base_spd,base_spe,effort_hp,effort_atk,effort_def,effort_spa,effort_spd,effort_spe,type1,type2
1,bulbasaur,1,7,69,64,1,1,45,49,49,65,65,45,0,0,0,1,65,45,12,4
2,ivysaur,2,10,130,142,2,1,60,62,63,80,80,60,0,0,0,1,80,60,12,4
3,venusaur,3,20,1000,263,3,1,80,82,83,100,100,80,0,0,0,2,100,80,12,4
4,charmander,4,6,85,62,5,1,39,52,43,60,50,65,0,0,0,0,50,65,10,0
5,charmeleon,5,11,190,142,6,1,58,64,58,80,65,80,0,0,0,1,65,80,10,0
6,charizard,6,17,905,267,7,1,78,84,78,109,85,100,0,0,0,3,85,100,10,3
7,squirtle,7,5,90,63,10,1,44,48,65,50,64,43,0,0,1,0,64,43,11,0
8,wartortle,8,10,225,142,11,1,59,63,80,65,80,58,0,0,1,0,80,58,11,0
9,blastoise,9,16,855,265,12,1,79,83,100,85,105,78,0,0,0,0,105,78,11,0
10,caterpie,10,3,29,39,14,1,45,30,35,20,20,45,1,0,0,0,20,45,7,0
11,metapod,11,7,99,72,15,1,50,20,55,25,25,30,0,0,2,0,25,30,7,0
12,butterfree,12,11,320,198,16,1,60,45,50,90,80,70,0,0,0,2,80,70,7,3
13,weedle,13,3,32,39,17,1,40,35,30,20,20,50,0,0,0,0,20,50,7,4
14,kakuna,14,6,100,72,18,1,45,25,50,25,25,35,0,0,2,0,25,35,7,4
15,beedrill,15,10,295,178,19,1,65,90,40,45,80,75,0,2,0,0,80,75,7,4
16,pidgey,16,3,18,50,21,1,40,45,40,35,35,56,0,0,0,0,35,56,1,3
17,pidgeotto,17,11,300,122,22,1,63,60,55,50,50,71,0,0,0,0,50,71,1,3
18,pidgeot,18,15,395,216,23,1,83,80,75,70,70,101,0,0,0,0,70,101,1,3
19,rattata,19,3,35,51,25,1,30,56,35,25,35,72,0,0,0,0,35,72,1,0
20,raticate,20,7,185,145,27,1,55,81,60,50,70,97,0,0,0,0,70,97,1,0
21,spearow,21,3,20,52,30,1,40,60,30,31,31,70,0,0,0,0,31,70,1,3
22,fearow,22,12,380,155,31,1,65,90,65,61,61,100,0,0,0,0,61,100,1,3
23,ekans,23,20,69,58,32,1,35,60,44,40,54,55,0,1,0,0,54,55,4,0
24,arbok,24,35,650,157,33,1,60,95,69,65,79,80,0,2,0,0,79,80,4,0
25,pikachu,25,4,60,112,35,1,35,55,40,50,50,90,0,0,0,0,50,90,13,0
26,raichu,26,8,300,243,51,1,60,90,55,90,80,110,0,0,0,0,80,110,13,0
27,sandshrew,27,6,120,60,53,1,50,75,85,20,30,40,0,0,1,0,30,40,5,0
28,sandslash,28,10,295,158,55,1,75,100,110,45,55,65,0,0,2,0,55,65,5,0
29,nidoran-f,29,4,70,55,57,1,55,47,52,40,40,41,1,0,0,0,40,41,4,0
30,nidorina,30,8,200,128,58,1,70,62,67,55,55,56,2,0,0,0,55,56,4,0
31,nidoqueen,31,13,600,253,59,1,90,92,87,75,85,76,3,0,0,0,85,76,4,5
32,nidoran-m,32,5,90,55,60,1,46,57,40,40,40,50,0,1,0,0,40,50,4,0
33,nidorino,33,9,195,128,61,1,61,72,57,55,55,65,0,2,0,0,55,65,4,0
34,nidoking,34,14,620,253,62,1,81,102,77,85,75,85,0,3,0,0,75,85,4,5
35,clefairy,35,6,75,113,64,1,70,45,48,60,65,35,2,0,0,0,65,35,18,0
36,clefable,36,13,400,242,65,1,95,70,73,95,90,60,3,0,0,0,90,60,18,0
37,vulpix,37,6,99,60,66,1,38,41,40,50,65,65,0,0,0,0,65,65,10,0
38,ninetales,38,11,199,177,68,1,73,76,75,81,100,100,0,0,0,0,100,100,10,0
39,jigglypuff,39,5,55,95,71,1,115,45,20,45,25,20,2,0,0,0,25,20,1,18
40,wigglytuff,40,10,120,218,72,1,140,70,45,85,50,45,3,0,0,0,50,45,1,18
41,zubat,41,8,75,49,73,1,40,45,35,30,40,55,0,0,0,0,40,55,4,3
42,golbat,42,16,550,159,74,1,75,80,70,65,75,90,0,0,0,0,75,90,4,3
43,oddish,43,5,54,64,76,1,45,50,55,75,65,30,0,0,0,1,65,30,12,4
44,gloom,44,8,86,138,77,1,60,65,70,85,75,40,0,0,0,2,75,40,12,4
45,vileplume,45,12,186,245,78,1,75,80,85,110,90,50,0,0,0,3,90,50,12,4
46,paras,46,3,54,57,80,1,35,70,55,45,55,25,0,1,0,0,55,25,7,12
47,parasect,47,10,295,142,81,1,60,95,80,60,80,30,0,2,1,0,80,30,7,12
48,venonat,48,10,300,61,82,1,60,55,50,40,55,45,0,0,0,0,55,45,7,4
49,venomoth,49,15,125,158,83,1,70,65,60,90,75,90,0,0,0,1,75,90,7,4
50,diglett,50,2,8,53,84,1,10,55,25,35,45,95,0,0,0,0,45,95,5,0
51,dugtrio,51,7,333,149,86,1,35,100,50,50,70,120,0,0,0,0,70,120,5,0
52,meowth,52,4,42,58,88,1,40,45,35,40,40,90,0,0,0,0,40,90,1,0
53,persian,53,10,320,154,91,1,65,70,60,65,65,115,0,0,0,0,65,115,1,0
54,psyduck,54,8,196,64,93,1,50,52,48,65,50,55,0,0,0,1,50,55,11,0
55,golduck,55,17,766,175,94,1,80,82,78,95,80,85,0,0,0,2,80,85,11,0
56,mankey,56,5,280,61,95,1,40,80,35,35,45,70,0,1,0,0,45,70,2,0
57,primeape,57,10,320,159,96,1,65,105,60,60,70,95,0,2,0,0,70,95,2,0
58,growlithe,58,7,190,70,97,1,55,70,45,70,50,60,0,1,0,0,50,60,10,0
59,arcanine,59,19,1550,194,98,1,90,110,80,100,80,95,0,2,0,0,80,95,10,0
60,poliwag,60,6,124,60,99,1,40,50,40,40,40,90,0,0,0,0,40,90,11,0
61,poliwhirl,61,10,200,135,100,1,65,65,65,50,50,90,0,0,0,0,50,90,11,0
62,poliwrath,62,13,540,255,101,1,90,95,95,70,90,70,0,0,3,0,90,70,11,2
63,abra,63,9,195,62,103,1,25,20,15,105,55,90,0,0,0,1,55,90,14,0
64,kadabra,64,13,565,140,104,1,40,35,30,120,70,105,0,0,0,2,70,105,14,0
65,alakazam,65,15,480,250,105,1,55,50,45,135,95,120,0,0,0,3,95,120,14,0
66,machop,66,8,195,61,107,1,70,80,50,35,35,35,0,1,0,0,35,35,2,0
67,machoke,67,15,705,142,108,1,80,100,70,50,60,45,0,2,0,0,60,45,2,0
68,machamp,68,16,1300,253,109,1,90,130,80,65,85,55,0,3,0,0,85,55,2,0
69,bellsprout,69,7,40,60,110,1,50,75,35,70,30,40,0,1,0,0,30,40,12,4
70,weepinbell,70,10,64,137,111,1,65,90,50,85,45,55,0,2,0,0,45,55,12,4
71,victreebel,71,17,155,221,112,1,80,105,65,100,70,70,0,3,0,0,70,70,12,4
72,tentacool,72,9,455,67,113,1,40,40,35,50,100,70,0,0,0,0,100,70,11,4
73,tentacruel,73,16,550,180,114,1,80,70,65,80,120,100,0,0,0,0,120,100,11,4
74,geodude,74,4,200,60,115,1,40,80,100,30,30,20,0,0,1,0,30,20,6,5
75,graveler,75,10,1050,137,117,1,55,95,115,45,45,35,0,0,2,0,45,35,6,5
76,golem,76,14,3000,223,119,1,80,120,130,55,65,45,0,0,3,0,65,45,6,5
77,ponyta,77,10,300,82,121,1,50,85,55,65,65,90,0,0,0,0,65,90,10,0
78,rapidash,78,17,950,175,123,1,65,100,70,80,80,105,0,0,0,0,80,105,10,0
79,slowpoke,79,12,360,63,125,1,90,65,65,40,40,15,1,0,0,0,40,15,11,14
80,slowbro,80,16,785,172,127,1,95,75,110,100,80,30,0,0,2,0,80,30,11,14
81,magnemite,81,3,60,65,132,1,25,35,70,95,55,45,0,0,0,1,55,45,13,9
82,magneton,82,10,600,163,133,1,50,60,95,120,70,70,0,0,0,2,70,70,13,9
83,farfetchd,83,8,150,132,135,1,52,90,55,58,62,60,0,1,0,0,62,60,1,3
84,doduo,84,14,392,62,137,1,35,85,45,35,35,75,0,1,0,0,35,75,1,3
85,dodrio,85,18,852,165,138,1,60,110,70,60,60,110,0,2,0,0,60,110,1,3
86,seel,86,11,900,65,139,1,65,45,55,45,70,45,0,0,0,0,70,45,11,0
87,dewgong,87,17,1200,166,140,1,90,70,80,70,95,70,0,0,0,0,95,70,11,15
88,grimer,88,9,300,65,141,1,80,80,50,40,50,25,1,0,0,0,50,25,4,0
89,muk,89,12,300,175,143,1,105,105,75,65,100,50,1,1,0,0,100,50,4,0
90,shellder,90,3,40,61,145,1,30,65,100,45,25,40,0,0,1,0,25,40,11,0
91,cloyster,91,15,1325,184,146,1,50,95,180,85,45,70,0,0,2,0,45,70,11,15
92,gastly,92,13,1,62,147,1,30,35,30,100,35,80,0,0,0,1,35,80,8,4
93,haunter,93,16,1,142,148,1,45,50,45,115,55,95,0,0,0,2,55,95,8,4
94,gengar,94,15,405,250,149,1,60,65,60,130,75,110,0,0,0,3,75,110,8,4
95,onix,95,88,2100,77,151,1,35,45,160,30,45,70,0,0,1,0,45,70,6,5
96,drowzee,96,10,324,66,154,1,60,48,45,43,90,42,0,0,0,0,90,42,14,0
97,hypno,97,16,756,169,155,1,85,73,70,73,115,67,0,0,0,0,115,67,14,0
98,krabby,98,4,65,65,156,1,30,105,90,25,25,50,0,1,0,0,25,50,11,0
99,kingler,99,13,600,166,157,1,55,130,115,50,50,75,0,2,0,0,50,75,11,0
100,voltorb,100,5,104,66,158,1,40,30,50,55,55,100,0,0,0,0,55,100,13,0
101,electrode,101,12,666,172,159,1,60,50,70,80,80,150,0,0,0,0,80,150,13,0
102,exeggcute,102,4,25,65,160,1,60,40,80,60,45,40,0,0,1,0,45,40,12,14
103,exeggutor,103,20,1200,186,161,1,95,95,85,125,75,55,0,0,0,2,75,55,12,14
104,cubone,104,4,65,64,163,1,50,50,95,40,50,35,0,0,1,0,50,35,5,0
105,marowak,105,10,450,149,164,1,60,80,110,50,80,45,0,0,2,0,80,45,5,0
106,hitmonlee,106,15,498,159,168,1,50,120,53,35,110,87,0,2,0,0,110,87,2,0
107,hitmonchan,107,14,502,159,169,1,50,105,79,35,110,76,0,0,0,0,110,76,2,0
108,lickitung,108,12,655,77,171,1,90,55,75,60,75,30,2,0,0,0,75,30,1,0
109,koffing,109,6,10,68,173,1,40,65,95,60,45,35,0,0,1,0,45,35,4,0
110,weezing,110,12,95,172,174,1,65,90,120,85,70,60,0,0,2,0,70,60,4,0
111,rhyhorn,111,10,1150,69,176,1,80,85,95,30,30,25,0,0,1,0,30,25,5,6
112,rhydon,112,19,1200,170,177,1,105,130,120,45,45,40,0,2,0,0,45,40,5,6
113,chansey,113,11,346,395,180,1,250,5,5,35,105,50,2,0,0,0,105,50,1,0
114,tangela,114,10,350,87,182,1,65,55,115,100,40,60,0,0,1,0,40,60,12,0
115,kangaskhan,115,22,800,172,184,1,105,95,80,40,80,90,2,0,0,0,80,90,1,0
116,horsea,116,4,80,59,186,1,30,40,70,70,25,60,0,0,0,1,25,60,11,0
117,seadra,117,12,250,154,187,1,55,65,95,95,45,85,0,0,1,1,45,85,11,0
118,goldeen,118,6,150,64,189,1,45,67,60,35,50,63,0,1,0,0,50,63,11,0
119,seaking,119,13,390,158,190,1,80,92,65,65,80,68,0,2,0,0,80,68,11,0
120,staryu,120,8,345,68,191,1,30,45,55,70,55,85,0,0,0,0,55,85,11,0
121,starmie,121,11,800,182,192,1,60,75,85,100,85,115,0,0,0,0,85,115,11,14
122,mr-mime,122,13,545,161,194,1,40,45,65,100,120,90,0,0,0,0,120,90,14,18
123,scyther,123,15,560,100,196,1,70,110,80,55,80,105,0,1,0,0,80,105,7,3
124,jynx,124,14,406,159,200,1,65,50,35,115,95,95,0,0,0,2,95,95,15,14
125,electabuzz,125,11,300,172,202,1,65,83,57,95,85,105,0,0,0,0,85,105,13,0
126,magmar,126,13,445,173,205,1,65,95,57,100,85,93,0,0,0,2,85,93,10,0
127,pinsir,127,15,550,175,207,1,65,125,100,55,70,85,0,2,0,0,70,85,7,0
128,tauros,128,14,884,172,209,1,75,100,95,40,70,110,0,1,0,0,70,110,1,0
129,magikarp,129,9,100,40,210,1,20,10,55,15,20,80,0,0,0,0,20,80,11,0
130,gyarados,130,65,2350,189,211,1,95,125,79,60,100,81,0,2,0,0,100,81,11,3
131,lapras,131,25,2200,187,213,1,130,85,80,85,95,60,2,0,0,0,95,60,11,15
132,ditto,132,3,40,101,214,1,48,48,48,48,48,48,1,0,0,0,48,48,1,0
133,eevee,133,3,65,65,215,1,55,55,50,45,65,55,0,0,0,0,65,55,1,0
134,vaporeon,134,10,290,184,217,1,130,65,60,110,95,65,2,0,0,0,95,65,11,0
135,jolteon,135,8,245,184,218,1,65,65,60,110,95,130,0,0,0,0,95,130,13,0
136,flareon,136,9,250,184,219,1,65,130,60,95,110,65,0,2,0,0,110,65,10,0
137,porygon,137,8,365,79,225,1,65,60,70,85,75,40,0,0,0,1,75,40,1,0
138,omanyte,138,4,75,71,228,1,35,40,100,90,55,35,0,0,1,0,55,35,6,11
139,omastar,139,10,350,173,229,1,70,60,125,115,70,55,0,0,2,0,70,55,6,11
140,kabuto,140,5,115,71,230,1,30,80,90,55,45,55,0,0,1,0,45,55,6,11
141,kabutops,141,13,405,173,231,1,60,115,105,65,70,80,0,2,0,0,70,80,6,11
142,aerodactyl,142,18,590,180,232,1,80,105,65,60,75,130,0,0,0,0,75,130,6,3
143,snorlax,143,21,4600,189,235,1,160,110,65,65,110,30,2,0,0,0,110,30,1,0
144,articuno,144,17,554,290,236,1,90,85,100,95,125,85,0,0,0,0,125,85,15,3
145,zapdos,145,16,526,290,238,1,90,90,85,125,90,100,0,0,0,3,90,100,13,3
146,moltres,146,20,600,290,240,1,90,100,90,125,85,90,0,0,0,3,85,90,10,3
147,dratini,147,18,33,60,242,1,41,64,45,50,50,50,0,1,0,0,50,50,16,0
148,dragonair,148,40,165,147,243,1,61,84,65,70,70,70,0,2,0,0,70,70,16,0
149,dragonite,149,22,2100,300,244,1,91,134,95,100,100,80,0,3,0,0,100,80,16,3
150,mewtwo,150,20,1220,340,245,1,106,110,90,154,90,130,0,0,0,3,90,130,14,0
151,mew,151,4,40,300,248,1,100,100,100,100,100,100,3,0,0,0,100,100,14,0
152,chikorita,152,9,64,64,249,1,45,49,65,49,65,45,0,0,0,0,65,45,12,0
153,bayleef,153,12,158,142,250,1,60,62,80,63,80,60,0,0,1,0,80,60,12,0
154,meganium,154,18,1005,236,251,1,80,82,100,83,100,80,0,0,1,0,100,80,12,0
155,cyndaquil,155,5,79,62,252,1,39,52,43,60,50,65,0,0,0,0,50,65,10,0
156,quilava,156,9,190,142,253,1,58,64,58,80,65,80,0,0,0,1,65,80,10,0
157,typhlosion,157,17,795,240,254,1,78,84,78,109,85,100,0,0,0,3,85,100,10,0
158,totodile,158,6,95,63,255,1,50,65,64,44,48,43,0,1,0,0,48,43,11,0
159,croconaw,159,11,250,142,256,1,65,80,80,59,63,58,0,1,1,0,63,58,11,0
160,feraligatr,160,23,888,239,257,1,85,105,100,79,83,78,0,2,1,0,83,78,11,0
161,sentret,161,8,60,43,258,1,35,46,34,35,45,20,0,1,0,0,45,20,1,0
162,furret,162,18,325,145,259,1,85,76,64,45,55,90,0,0,0,0,55,90,1,0
163,hoothoot,163,7,212,52,260,1,60,30,30,36,56,50,1,0,0,0,56,50,1,3
164,noctowl,164,16,408,158,261,1,100,50,50,86,96,70,2,0,0,0,96,70,1,3
165,ledyba,165,10,108,53,262,1,40,20,30,40,80,55,0,0,0,0,80,55,7,3
166,ledian,166,14,356,137,263,1,55,35,50,55,110,85,0,0,0,0,110,85,7,3
167,spinarak,167,5,85,50,264,1,40,60,40,40,40,30,0,1,0,0,40,30,7,4
168,ariados,168,11,335,140,265,1,70,90,70,60,70,40,0,2,0,0,70,40,7,4
169,crobat,169,18,750,268,75,1,85,90,80,70,80,130,0,0,0,0,80,130,4,3
170,chinchou,170,5,120,66,266,1,75,38,38,56,56,67,1,0,0,0,56,67,11,13
171,lanturn,171,12,225,161,267,1,125,58,58,76,76,67,2,0,0,0,76,67,11,13
172,pichu,172,3,20,41,34,1,20,40,15,35,35,60,0,0,0,0,35,60,13,0
173,cleffa,173,3,30,44,63,1,50,25,28,45,55,15,0,0,0,0,55,15,18,0
174,igglybuff,174,3,10,42,70,1,90,30,15,40,20,15,1,0,0,0,20,15,1,18
175,togepi,175,3,15,49,268,1,35,20,65,40,65,20,0,0,0,0,65,20,18,0
176,togetic,176,6,32,142,269,1,55,40,85,80,105,40,0,0,0,0,105,40,18,3
177,natu,177,2,20,64,271,1,40,50,45,70,45,70,0,0,0,1,45,70,14,3
178,xatu,178,15,150,165,272,1,65,75,70,95,70,95,0,0,0,1,70,95,14,3
179,mareep,179,6,78,56,273,1,55,40,40,65,45,35,0,0,0,1,45,35,13,0
180,flaaffy,180,8,133,128,274,1,70,55,55,80,60,45,0,0,0,2,60,45,13,0
181,ampharos,181,14,615,230,275,1,90,75,85,115,90,55,0,0,0,3,90,55,13,0
182,bellossom,182,4,58,245,79,1,75,80,95,90,100,50,0,0,0,0,100,50,12,0
183,marill,183,4,85,88,278,1,70,20,50,20,50,40,2,0,0,0,50,40,11,18
184,azumarill,184,8,285,210,279,1,100,50,80,60,80,50,3,0,0,0,80,50,11,18
185,sudowoodo,185,12,380,144,281,1,70,100,115,30,65,30,0,0,2,0,65,30,6,0
186,politoed,186,11,339,250,102,1,90,75,75,90,100,70,0,0,0,0,100,70,11,0
187,hoppip,187,4,5,50,282,1,35,35,40,35,55,50,0,0,0,0,55,50,12,3
188,skiploom,188,6,10,119,283,1,55,45,50,45,65,80,0,0,0,0,65,80,12,3
189,jumpluff,189,8,30,207,284,1,75,55,70,55,95,110,0,0,0,0,95,110,12,3
190,aipom,190,8,115,72,285,1,55,70,55,40,55,85,0,0,0,0,55,85,1,0
191,sunkern,191,3,18,36,287,1,30,30,30,30,30,30,0,0,0,1,30,30,12,0
192,sunflora,192,8,85,149,288,1,75,75,55,105,85,30,0,0,0,2,85,30,12,0
193,yanma,193,12,380,78,289,1,65,65,45,75,45,95,0,0,0,0,45,95,7,3
194,wooper,194,4,85,42,291,1,55,45,45,25,25,15,1,0,0,0,25,15,11,5
195,quagsire,195,14,750,151,292,1,95,85,85,65,65,35,2,0,0,0,65,35,11,5
196,espeon,196,9,265,184,220,1,65,65,60,130,95,110,0,0,0,2,95,110,14,0
197,umbreon,197,10,270,184,221,1,95,65,110,60,130,65,0,0,0,0,130,65,17,0
198,murkrow,198,5,21,81,293,1,60,85,42,85,42,91,0,0,0,0,42,91,17,3
199,slowking,199,20,795,172,130,1,95,75,80,100,110,30,0,0,0,0,110,30,11,14
200,misdreavus,200,7,10,87,295,1,60,60,60,85,85,85,0,0,0,0,85,85,8,0
201,unown,201,5,50,118,297,1,48,72,48,72,48,48,0,1,0,1,48,48,14,0
202,wobbuffet,202,13,285,142,299,1,190,33,58,33,58,33,2,0,0,0,58,33,14,0
203,girafarig,203,15,415,159,300,1,70,80,65,90,65,85,0,0,0,2,65,85,1,14
204,pineco,204,6,72,58,301,1,50,65,90,35,35,15,0,0,1,0,35,15,7,0
205,forretress,205,12,1258,163,302,1,75,90,140,60,60,40,0,0,2,0,60,40,7,9
206,dunsparce,206,15,140,145,303,1,100,70,70,65,65,45,1,0,0,0,65,45,1,0
207,gligar,207,11,648,86,304,1,65,75,105,35,65,85,0,0,1,0,65,85,5,3
208,steelix,208,92,4000,179,152,1,75,85,200,55,65,30,0,0,2,0,65,30,9,5
209,snubbull,209,6,78,60,306,1,60,80,50,40,40,30,0,1,0,0,40,30,18,0
210,granbull,210,14,487,158,307,1,90,120,75,60,60,45,0,2,0,0,60,45,18,0
211,qwilfish,211,5,39,88,308,1,65,95,85,55,55,85,0,1,0,0,55,85,11,4
212,scizor,212,18,1180,175,197,1,70,130,100,55,80,65,0,2,0,0,80,65,7,9
213,shuckle,213,6,205,177,309,1,20,10,230,10,230,5,0,0,1,0,230,5,7,6
214,heracross,214,15,540,175,310,1,80,125,75,40,95,85,0,2,0,0,95,85,7,2
215,sneasel,215,9,280,86,312,1,55,95,55,35,75,115,0,0,0,0,75,115,17,15
216,teddiursa,216,6,88,66,314,1,60,80,50,50,50,40,0,1,0,0,50,40,1,0
217,ursaring,217,18,1258,175,315,1,90,130,75,75,75,55,0,2,0,0,75,55,1,0
218,slugma,218,7,350,50,316,1,40,40,40,70,40,20,0,0,0,1,40,20,10,0
219,magcargo,219,8,550,151,317,1,60,50,120,90,80,30,0,0,2,0,80,30,10,6
220,swinub,220,4,65,50,318,1,50,50,40,30,30,50,0,1,0,0,30,50,15,5
221,piloswine,221,11,558,158,319,1,100,100,80,60,60,50,1,1,0,0,60,50,15,5
222,corsola,222,6,50,144,321,1,65,55,95,65,95,35,0,0,1,0,95,35,11,6
223,remoraid,223,6,120,60,323,1,35,65,35,65,35,65,0,0,0,1,35,65,11,0
224,octillery,224,9,285,168,324,1,75,105,75,105,75,45,0,1,0,1,75,45,11,0
225,delibird,225,9,160,116,325,1,45,55,45,65,45,75,0,0,0,0,45,75,15,3
226,mantine,226,21,2200,170,327,1,85,40,70,80,140,70,0,0,0,0,140,70,11,3
227,skarmory,227,17,505,163,328,1,65,80,140,40,70,70,0,0,2,0,70,70,9,3
228,houndour,228,6,108,66,329,1,45,60,30,80,50,65,0,0,0,1,50,65,17,10
229,houndoom,229,14,350,175,330,1,75,90,50,110,80,95,0,0,0,2,80,95,17,10
230,kingdra,230,18,1520,270,188,1,75,95,95,95,95,85,0,1,0,1,95,85,11,16
231,phanpy,231,5,335,66,332,1,90,60,60,40,40,40,1,0,0,0,40,40,5,0
232,donphan,232,11,1200,175,333,1,90,120,120,60,60,50,0,1,1,0,60,50,5,0
233,porygon2,233,6,325,180,226,1,85,80,90,105,95,60,0,0,0,2,95,60,1,0
234,stantler,234,14,712,163,334,1,73,95,62,85,65,85,0,1,0,0,65,85,1,0
235,smeargle,235,12,580,88,335,1,55,20,35,20,45,75,0,0,0,0,45,75,1,0
236,tyrogue,236,7,210,42,167,1,35,35,35,35,35,35,0,1,0,0,35,35,2,0
237,hitmontop,237,14,480,159,170,1,50,95,95,35,110,70,0,0,0,0,110,70,2,0
238,smoochum,238,4,60,61,199,1,45,30,15,85,65,65,0,0,0,1,65,65,15,14
239,elekid,239,6,235,72,201,1,45,63,37,65,55,95,0,0,0,0,55,95,13,0
240,magby,240,7,214,73,204,1,45,75,37,70,55,83,0,0,0,0,55,83,10,0
241,miltank,241,12,755,172,336,1,95,80,105,40,70,100,0,0,2,0,70,100,1,0
242,blissey,242,15,468,635,181,1,255,10,10,75,135,55,3,0,0,0,135,55,1,0
243,raikou,243,19,1780,290,337,1,90,85,75,115,100,115,0,0,0,1,100,115,13,0
244,entei,244,21,1980,290,338,1,115,115,85,90,75,100,1,2,0,0,75,100,10,0
245,suicune,245,20,1870,290,339,1,100,75,115,90,115,85,0,0,1,0,115,85,11,0
246,larvitar,246,6,720,60,340,1,50,64,50,45,50,41,0,1,0,0,50,41,6,5
247,pupitar,247,12,1520,144,341,1,70,84,70,65,70,51,0,2,0,0,70,51,6,5
248,tyranitar,248,20,2020,300,342,1,100,134,110,95,100,61,0,3,0,0,100,61,6,17
249,lugia,249,52,2160,340,344,1,106,90,130,90,154,110,0,0,0,0,154,110,14,3
250,ho-oh,250,38,1990,340,345,1,106,130,90,110,154,90,0,0,0,0,154,90,10,3
251,celebi,251,6,50,300,346,1,100,100,100,100,100,100,3,0,0,0,100,100,14,12
252,treecko,252,5,50,62,347,1,40,45,35,65,55,70,0,0,0,0,55,70,12,0
253,grovyle,253,9,216,142,348,1,50,65,45,85,65,95,0,0,0,0,65,95,12,0
254,sceptile,254,17,522,265,349,1,70,85,65,105,85,120,0,0,0,0,85,120,12,0
255,torchic,255,4,25,62,351,1,45,60,40,70,50,45,0,0,0,1,50,45,10,0
256,combusken,256,9,195,142,352,1,60,85,60,85,60,55,0,1,0,1,60,55,10,2
257,blaziken,257,19,520,265,353,1,80,120,70,110,70,80,0,3,0,0,70,80,10,2
258,mudkip,258,4,76,62,355,1,50,70,50,50,50,40,0,1,0,0,50,40,11,0
259,marshtomp,259,7,280,142,356,1,70,85,70,60,70,50,0,2,0,0,70,50,11,5
260,swampert,260,15,819,268,357,1,100,110,90,85,90,60,0,3,0,0,90,60,11,5
261,poochyena,261,5,136,56,359,1,35,55,35,30,30,35,0,1,0,0,30,35,17,0
262,mightyena,262,10,370,147,360,1,70,90,70,60,60,70,0,2,0,0,60,70,17,0
263,zigzagoon,263,4,175,56,361,1,38,30,41,30,41,60,0,0,0,0,41,60,1,0
264,linoone,264,5,325,147,363,1,78,70,61,50,61,100,0,0,0,0,61,100,1,0
265,wurmple,265,3,36,56,365,1,45,45,35,20,30,20,1,0,0,0,30,20,7,0
266,silcoon,266,6,100,72,366,1,50,35,55,25,25,15,0,0,2,0,25,15,7,0
267,beautifly,267,10,284,178,367,1,60,70,50,100,50,65,0,0,0,3,50,65,7,3
268,cascoon,268,7,115,72,368,1,50,35,55,25,25,15,0,0,2,0,25,15,7,0
269,dustox,269,12,316,173,369,1,60,50,70,50,90,65,0,0,0,0,90,65,7,4
270,lotad,270,5,26,44,370,1,40,30,30,40,50,30,0,0,0,0,50,30,11,12
271,lombre,271,12,325,119,371,1,60,50,50,60,70,50,0,0,0,0,70,50,11,12
272,ludicolo,272,15,550,240,372,1,80,70,70,90,100,70,0,0,0,0,100,70,11,12
273,seedot,273,5,40,44,373,1,40,40,50,30,30,30,0,0,1,0,30,30,12,0
274,nuzleaf,274,10,280,119,374,1,70,70,40,60,40,60,0,2,0,0,40,60,12,17
275,shiftry,275,13,596,240,375,1,90,100,60,90,60,80,0,3,0,0,60,80,12,17
276,taillow,276,3,23,54,376,1,40,55,30,30,30,85,0,0,0,0,30,85,1,3
277,swellow,277,7,198,159,377,1,60,85,60,75,50,125,0,0,0,0,50,125,1,3
278,wingull,278,6,95,54,378,1,40,30,30,55,30,85,0,0,0,0,30,85,11,3
279,pelipper,279,12,280,154,379,1,60,50,100,95,70,65,0,0,2,0,70,65,11,3
280,ralts,280,4,66,40,380,1,28,25,25,45,35,40,0,0,0,1,35,40,14,18
281,kirlia,281,8,202,97,381,1,38,35,35,65,55,50,0,0,0,2,55,50,14,18
282,gardevoir,282,16,484,259,382,1,68,65,65,125,115,80,0,0,0,3,115,80,14,18
283,surskit,283,5,17,54,386,1,40,30,32,50,52,65,0,0,0,0,52,65,7,11
284,masquerain,284,8,36,159,387,1,70,60,62,100,82,80,0,0,0,1,82,80,7,3
285,shroomish,285,4,45,59,388,1,60,40,60,40,60,35,1,0,0,0,60,35,12,0
286,breloom,286,12,392,161,389,1,60,130,80,60,60,70,0,2,0,0,60,70,12,2
287,slakoth,287,8,240,56,390,1,60,60,60,35,35,30,1,0,0,0,35,30,1,0
288,vigoroth,288,14,465,154,391,1,80,80,80,55,55,90,0,0,0,0,55,90,1,0
289,slaking,289,20,1305,252,392,1,150,160,100,95,65,100,3,0,0,0,65,100,1,0
290,nincada,290,5,55,53,393,1,31,45,90,30,30,40,0,0,1,0,30,40,7,5
291,ninjask,291,8,120,160,394,1,61,90,45,50,50,160,0,0,0,0,50,160,7,3
292,shedinja,292,8,12,83,395,1,1,90,45,30,30,40,2,0,0,0,30,40,7,8
293,whismur,293,6,163,48,396,1,64,51,23,51,23,28,1,0,0,0,23,28,1,0
294,loudred,294,10,405,126,397,1,84,71,43,71,43,48,2,0,0,0,43,48,1,0
295,exploud,295,15,840,245,398,1,104,91,63,91,73,68,3,0,0,0,73,68,1,0
296,makuhita,296,10,864,47,399,1,72,60,30,20,30,25,1,0,0,0,30,25,2,0
297,hariyama,297,23,2538,166,400,1,144,120,60,40,60,50,2,0,0,0,60,50,2,0
298,azurill,298,2,20,38,277,1,50,20,40,20,40,20,1,0,0,0,40,20,1,18
299,nosepass,299,10,970,75,401,1,30,45,135,45,90,30,0,0,1,0,90,30,6,0
300,skitty,300,6,110,52,403,1,50,45,45,35,35,50,0,0,0,0,35,50,1,0
301,delcatty,301,11,326,140,404,1,70,65,65,55,55,90,1,0,0,0,55,90,1,0
302,sableye,302,5,110,133,405,1,50,75,75,65,65,50,0,1,1,0,65,50,17,8
303,mawile,303,6,115,133,407,1,50,85,85,55,55,50,0,1,1,0,55,50,9,18
304,aron,304,4,600,66,409,1,50,70,100,40,40,30,0,0,1,0,40,30,9,6
305,lairon,305,9,1200,151,410,1,60,90,140,50,50,40,0,0,2,0,50,40,9,6
306,aggron,306,21,3600,265,411,1,70,110,180,60,60,50,0,0,3,0,60,50,9,6
307,meditite,307,6,112,56,413,1,30,40,55,40,55,60,0,0,0,0,55,60,2,14
308,medicham,308,13,315,144,414,1,60,60,75,60,75,80,0,0,0,0,75,80,2,14
309,electrike,309,6,152,59,416,1,40,45,40,65,40,65,0,0,0,0,40,65,13,0
310,manectric,310,15,402,166,417,1,70,75,60,105,60,105,0,0,0,0,60,105,13,0
311,plusle,311,4,42,142,419,1,60,50,40,85,75,95,0,0,0,0,75,95,13,0
312,minun,312,4,42,142,420,1,60,40,50,75,85,95,0,0,0,0,85,95,13,0
313,volbeat,313,7,177,151,421,1,65,73,75,47,85,85,0,0,0,0,85,85,7,0
314,illumise,314,6,177,151,422,1,65,47,75,73,85,85,0,0,0,0,85,85,7,0
315,roselia,315,3,20,140,424,1,50,60,45,100,80,65,0,0,0,2,80,65,12,4
316,gulpin,316,4,103,60,426,1,70,43,53,43,53,40,1,0,0,0,53,40,4,0
317,swalot,317,17,800,163,427,1,100,73,83,73,83,55,2,0,0,0,83,55,4,0
318,carvanha,318,8,208,61,428,1,45,90,20,65,20,65,0,1,0,0,20,65,11,17
319,sharpedo,319,18,888,161,429,1,70,120,40,95,40,95,0,2,0,0,40,95,11,17
320,wailmer,320,20,1300,80,431,1,130,70,35,70,35,60,1,0,0,0,35,60,11,0
321,wailord,321,145,3980,175,432,1,170,90,45,90,45,60,2,0,0,0,45,60,11,0
322,numel,322,7,240,61,433,1,60,60,40,65,45,35,0,0,0,1,45,35,10,5
323,camerupt,323,19,2200,161,434,1,70,100,70,105,75,40,0,1,0,1,75,40,10,5
324,torkoal,324,5,804,165,436,1,70,85,140,85,70,20,0,0,2,0,70,20,10,0
325,spoink,325,7,306,66,437,1,60,25,35,70,80,60,0,0,0,0,80,60,14,0
326,grumpig,326,9,715,165,438,1,80,45,65,90,110,80,0,0,0,0,110,80,14,0
327,spinda,327,11,50,126,439,1,60,60,60,60,60,60,0,0,0,1,60,60,1,0
328,trapinch,328,7,150,58,440,1,45,100,45,45,45,10,0,1,0,0,45,10,5,0
329,vibrava,329,11,153,119,441,1,50,70,50,50,50,70,0,1,0,0,50,70,5,16
330,flygon,330,20,820,260,442,1,80,100,80,80,80,100,0,1,0,0,80,100,5,16
331,cacnea,331,4,513,67,443,1,50,85,40,85,40,35,0,0,0,1,40,35,12,0
332,cacturne,332,13,774,166,444,1,70,115,60,115,60,55,0,1,0,1,60,55,12,17
333,swablu,333,4,12,62,445,1,45,40,60,40,75,50,0,0,0,0,75,50,1,3
334,altaria,334,11,206,172,446,1,75,70,90,70,105,80,0,0,0,0,105,80,16,3
335,zangoose,335,13,403,160,448,1,73,115,60,60,60,90,0,2,0,0,60,90,1,0
336,seviper,336,27,525,160,449,1,73,100,60,100,60,65,0,1,0,1,60,65,4,0
337,lunatone,337,10,1680,161,450,1,90,55,65,95,85,70,0,0,0,2,85,70,6,14
338,solrock,338,12,1540,161,451,1,90,95,85,55,65,70,0,2,0,0,65,70,6,14
339,barboach,339,4,19,58,452,1,50,48,43,46,41,60,1,0,0,0,41,60,11,5
340,whiscash,340,9,236,164,453,1,110,78,73,76,71,60,2,0,0,0,71,60,11,5
341,corphish,341,6,115,62,454,1,43,80,65,50,35,35,0,1,0,0,35,35,11,0
342,crawdaunt,342,11,328,164,455,1,63,120,85,90,55,55,0,2,0,0,55,55,11,17
343,baltoy,343,5,215,60,456,1,40,40,55,40,70,55,0,0,0,0,70,55,5,14
344,claydol,344,15,1080,175,457,1,60,70,105,70,120,75,0,0,0,0,120,75,5,14
345,lileep,345,10,238,71,458,1,66,41,77,61,87,23,0,0,0,0,87,23,6,12
346,cradily,346,15,604,173,459,1,86,81,97,81,107,43,0,0,0,0,107,43,6,12
347,anorith,347,7,125,71,460,1,45,95,50,40,50,75,0,1,0,0,50,75,6,7
348,armaldo,348,15,682,173,461,1,75,125,100,70,80,45,0,2,0,0,80,45,6,7
349,feebas,349,6,74,40,462,1,20,15,20,10,55,80,0,0,0,0,55,80,11,0
350,milotic,350,62,1620,189,463,1,95,60,79,100,125,81,0,0,0,0,125,81,11,0
351,castform,351,3,8,147,464,1,70,70,70,70,70,70,1,0,0,0,70,70,1,0
352,kecleon,352,10,220,154,468,1,60,90,70,60,120,40,0,0,0,0,120,40,1,0
353,shuppet,353,6,23,59,469,1,44,75,35,63,33,45,0,1,0,0,33,45,8,0
354,banette,354,11,125,159,470,1,64,115,65,83,63,65,0,2,0,0,63,65,8,0
355,duskull,355,8,150,59,472,1,20,40,90,30,90,25,0,0,0,0,90,25,8,0
356,dusclops,356,16,306,159,473,1,40,70,130,60,130,25,0,0,1,0,130,25,8,0
357,tropius,357,20,1000,161,475,1,99,68,83,72,87,51,2,0,0,0,87,51,12,3
358,chimecho,358,6,10,159,477,1,75,50,80,95,90,65,0,0,0,1,90,65,14,0
359,absol,359,12,470,163,478,1,65,130,60,75,60,75,0,2,0,0,60,75,17,0
360,wynaut,360,6,140,52,298,1,95,23,48,23,48,23,1,0,0,0,48,23,14,0
361,snorunt,361,7,168,60,480,1,50,50,50,50,50,50,1,0,0,0,50,50,15,0
362,glalie,362,15,2565,168,481,1,80,80,80,80,80,80,2,0,0,0,80,80,15,0
363,spheal,363,8,395,58,484,1,70,40,50,55,50,25,1,0,0,0,50,25,15,11
364,sealeo,364,11,876,144,485,1,90,60,70,75,70,45,2,0,0,0,70,45,15,11
365,walrein,365,14,1506,265,486,1,110,80,90,95,90,65,3,0,0,0,90,65,15,11
366,clamperl,366,4,525,69,487,1,35,64,85,74,55,32,0,0,1,0,55,32,11,0
367,huntail,367,17,270,170,488,1,55,104,105,94,75,52,0,1,1,0,75,52,11,0
368,gorebyss,368,18,226,170,489,1,55,84,105,114,75,52,0,0,0,2,75,52,11,0
369,relicanth,369,10,234,170,490,1,100,90,130,45,65,55,1,0,1,0,65,55,11,6
370,luvdisc,370,6,87,116,491,1,43,30,55,40,65,97,0,0,0,0,65,97,11,0
371,bagon,371,6,421,60,492,1,45,75,60,40,30,50,0,1,0,0,30,50,16,0
372,shelgon,372,11,1105,147,493,1,65,95,100,60,50,50,0,0,2,0,50,50,16,0
373,salamence,373,15,1026,300,494,1,95,135,80,110,80,100,0,3,0,0,80,100,16,3
374,beldum,374,6,952,60,496,1,40,55,80,35,60,30,0,0,1,0,60,30,9,14
375,metang,375,12,2025,147,497,1,60,75,100,55,80,50,0,0,2,0,80,50,9,14
376,metagross,376,16,5500,300,498,1,80,135,130,95,90,70,0,0,3,0,90,70,9,14
377,regirock,377,17,2300,290,500,1,80,100,200,50,100,50,0,0,3,0,100,50,6,0
378,regice,378,18,1750,290,501,1,80,50,100,100,200,50,0,0,0,0,200,50,15,0
379,registeel,379,19,2050,290,502,1,80,75,150,75,150,50,0,0,2,0,150,50,9,0
380,latias,380,14,400,300,503,1,80,80,90,110,130,110,0,0,0,0,130,110,16,14
381,latios,381,20,600,300,505,1,80,90,80,130,110,110,0,0,0,3,110,110,16,14
382,kyogre,382,45,3520,335,507,1,100,100,90,150,140,90,0,0,0,3,140,90,11,0
383,groudon,383,35,9500,335,509,1,100,150,140,100,90,90,0,3,0,0,90,90,5,0
384,rayquaza,384,70,2065,340,511,1,105,150,90,150,90,95,0,2,0,1,90,95,16,3
385,jirachi,385,3,11,300,513,1,100,100,100,100,100,100,3,0,0,0,100,100,9,14
386,deoxys-normal,386,17,608,270,514,1,50,150,50,150,50,150,0,1,0,1,50,150,14,0
387,turtwig,387,4,102,64,518,1,55,68,64,45,55,31,0,1,0,0,55,31,12,0
388,grotle,388,11,970,142,519,1,75,89,85,55,65,36,0,1,1,0,65,36,12,0
389,torterra,389,22,3100,236,520,1,95,109,105,75,85,56,0,2,1,0,85,56,12,5
390,chimchar,390,5,62,62,521,1,44,58,44,58,44,61,0,0,0,0,44,61,10,0
391,monferno,391,9,220,142,522,1,64,78,52,78,52,81,0,0,0,1,52,81,10,2
392,infernape,392,12,550,240,523,1,76,104,71,104,71,108,0,1,0,1,71,108,10,2
393,piplup,393,4,52,63,524,1,53,51,53,61,56,40,0,0,0,1,56,40,11,0
394,prinplup,394,8,230,142,525,1,64,66,68,81,76,50,0,0,0,2,76,50,11,0
395,empoleon,395,17,845,239,526,1,84,86,88,111,101,60,0,0,0,3,101,60,11,9
396,starly,396,3,20,49,527,1,40,55,30,30,30,60,0,0,0,0,30,60,1,3
397,staravia,397,6,155,119,528,1,55,75,50,40,40,80,0,0,0,0,40,80,1,3
398,staraptor,398,12,249,218,529,1,85,120,70,50,60,100,0,3,0,0,60,100,1,3
399,bidoof,399,5,200,50,530,1,59,45,40,35,40,31,1,0,0,0,40,31,1,0
400,bibarel,400,10,315,144,531,1,79,85,60,55,60,71,0,2,0,0,60,71,1,11
401,kricketot,401,3,22,39,532,1,37,25,41,25,41,25,0,0,1,0,41,25,7,0
402,kricketune,402,10,255,134,533,1,77,85,51,55,51,65,0,2,0,0,51,65,7,0
403,shinx,403,5,95,53,534,1,45,65,34,40,34,45,0,1,0,0,34,45,13,0
404,luxio,404,9,305,127,535,1,60,85,49,60,49,60,0,2,0,0,49,60,13,0
405,luxray,405,14,420,262,536,1,80,120,79,95,79,70,0,3,0,0,79,70,13,0
406,budew,406,2,12,56,423,1,40,30,35,50,70,55,0,0,0,1,70,55,12,4
407,roserade,407,9,145,258,425,1,60,70,65,125,105,90,0,0,0,3,105,90,12,4
408,cranidos,408,9,315,70,537,1,67,125,40,30,30,58,0,1,0,0,30,58,6,0
409,rampardos,409,16,1025,173,538,1,97,165,60,65,50,58,0,2,0,0,50,58,6,0
410,shieldon,410,5,570,70,539,1,30,42,118,42,88,30,0,0,1,0,88,30,6,9
411,bastiodon,411,13,1495,173,540,1,60,52,168,47,138,30,0,0,2,0,138,30,6,9
412,burmy,412,2,34,45,541,1,40,29,45,29,45,36,0,0,0,0,45,36,7,0
413,wormadam-plant,413,5,65,148,542,1,60,59,85,79,105,36,0,0,0,0,105,36,7,12
414,mothim,414,9,233,148,545,1,70,94,50,94,50,66,0,1,0,1,50,66,7,3
415,combee,415,3,55,49,546,1,30,30,42,30,42,70,0,0,0,0,42,70,7,3
416,vespiquen,416,12,385,166,547,1,70,80,102,80,102,40,0,0,1,0,102,40,7,3
417,pachirisu,417,4,39,142,548,1,60,45,70,45,90,95,0,0,0,0,90,95,13,0
418,buizel,418,7,295,66,549,1,55,65,35,60,30,85,0,0,0,0,30,85,11,0
419,floatzel,419,11,335,173,550,1,85,105,55,85,50,115,0,0,0,0,50,115,11,0
420,cherubi,420,4,33,55,551,1,45,35,45,62,53,35,0,0,0,1,53,35,12,0
421,cherrim,421,5,93,158,552,1,70,60,70,87,78,85,0,0,0,2,78,85,12,0
422,shellos,422,3,63,65,553,1,76,48,48,57,62,34,1,0,0,0,62,34,11,0
423,gastrodon,423,9,299,166,554,1,111,83,68,92,82,39,2,0,0,0,82,39,11,5
424,ambipom,424,12,203,169,286,1,75,100,66,60,66,115,0,0,0,0,66,115,1,0
425,drifloon,425,4,12,70,555,1,90,50,34,60,44,70,1,0,0,0,44,70,8,3
426,drifblim,426,12,150,174,556,1,150,80,44,90,54,80,2,0,0,0,54,80,8,3
427,buneary,427,4,55,70,557,1,55,66,44,44,56,85,0,0,0,0,56,85,1,0
428,lopunny,428,12,333,168,558,1,65,76,84,54,96,105,0,0,0,0,96,105,1,0
429,mismagius,429,9,44,173,296,1,60,60,60,105,105,105,0,0,0,1,105,105,8,0
430,honchkrow,430,9,273,177,294,1,100,125,52,105,52,71,0,2,0,0,52,71,17,3
431,glameow,431,5,39,62,560,1,49,55,42,42,37,85,0,0,0,0,37,85,1,0
432,purugly,432,10,438,158,561,1,71,82,64,64,59,112,0,0,0,0,59,112,1,0
433,chingling,433,2,6,57,476,1,45,30,50,65,50,45,0,0,0,1,50,45,14,0
434,stunky,434,4,192,66,562,1,63,63,47,41,41,74,0,0,0,0,41,74,4,17
435,skuntank,435,10,380,168,563,1,103,93,67,71,61,84,2,0,0,0,61,84,4,17
436,bronzor,436,5,605,60,564,1,57,24,86,24,86,23,0,0,1,0,86,23,9,14
437,bronzong,437,13,1870,175,565,1,67,89,116,79,116,33,0,0,1,0,116,33,9,14
438,bonsly,438,5,150,58,280,1,50,80,95,10,45,10,0,0,1,0,45,10,6,0
439,mime-jr,439,6,130,62,193,1,20,25,45,70,90,60,0,0,0,0,90,60,14,18
440,happiny,440,6,244,110,179,1,100,5,5,15,65,30,1,0,0,0,65,30,1,0
441,chatot,441,5,19,144,566,1,76,65,45,92,42,91,0,1,0,0,42,91,1,3
442,spiritomb,442,10,1080,170,567,1,50,92,108,92,108,35,0,0,1,0,108,35,8,17
443,gible,443,7,205,60,568,1,58,70,45,40,45,42,0,1,0,0,45,42,16,5
444,gabite,444,14,560,144,569,1,68,90,65,50,55,82,0,2,0,0,55,82,16,5
445,garchomp,445,19,950,300,570,1,108,130,95,80,85,102,0,3,0,0,85,102,16,5
446,munchlax,446,6,1050,78,234,1,135,85,40,40,85,5,1,0,0,0,85,5,1,0
447,riolu,447,7,202,57,572,1,40,70,40,35,40,60,0,1,0,0,40,60,2,0
448,lucario,448,12,540,184,573,1,70,110,70,115,70,90,0,1,0,1,70,90,2,9
449,hippopotas,449,8,495,66,575,1,68,72,78,38,42,32,0,0,1,0,42,32,5,0
450,hippowdon,450,20,3000,184,576,1,108,112,118,68,72,47,0,0,2,0,72,47,5,0
451,skorupi,451,8,120,66,577,1,40,50,90,30,55,65,0,0,1,0,55,65,4,7
452,drapion,452,13,615,175,578,1,70,90,110,60,75,95,0,0,2,0,75,95,4,17
453,croagunk,453,7,230,60,579,1,48,61,40,61,40,50,0,1,0,0,40,50,4,2
454,toxicroak,454,13,444,172,580,1,83,106,65,86,65,85,0,2,0,0,65,85,4,2
455,carnivine,455,14,270,159,581,1,74,100,72,90,72,46,0,2,0,0,72,46,12,0
456,finneon,456,4,70,66,582,1,49,49,56,49,61,66,0,0,0,0,61,66,11,0
457,lumineon,457,12,240,161,583,1,69,69,76,69,86,91,0,0,0,0,86,91,11,0
458,mantyke,458,10,650,69,326,1,45,20,50,60,120,50,0,0,0,0,120,50,11,3
459,snover,459,10,505,67,584,1,60,62,50,62,60,40,0,1,0,0,60,40,12,15
460,abomasnow,460,22,1355,173,585,1,90,92,75,92,85,60,0,1,0,1,85,60,12,15
461,weavile,461,11,340,179,313,1,70,120,65,45,85,125,0,1,0,0,85,125,17,15
462,magnezone,462,12,1800,268,134,1,70,70,115,130,90,60,0,0,0,3,90,60,13,9
463,lickilicky,463,17,1400,180,172,1,110,85,95,80,95,50,3,0,0,0,95,50,1,0
464,rhyperior,464,24,2828,268,178,1,115,140,130,55,55,40,0,3,0,0,55,40,5,6
465,tangrowth,465,20,1286,187,183,1,100,100,125,110,50,50,0,0,2,0,50,50,12,0
466,electivire,466,18,1386,270,203,1,75,123,67,95,85,95,0,3,0,0,85,95,13,0
467,magmortar,467,16,680,270,206,1,75,95,67,125,95,83,0,0,0,3,95,83,10,0
468,togekiss,468,15,380,273,270,1,85,50,95,120,115,80,0,0,0,2,115,80,18,3
469,yanmega,469,19,515,180,290,1,86,76,86,116,56,95,0,2,0,0,56,95,7,3
470,leafeon,470,10,255,184,222,1,65,110,130,60,65,95,0,0,2,0,65,95,12,0
471,glaceon,471,8,259,184,223,1,65,60,110,130,95,65,0,0,0,2,95,65,15,0
472,gliscor,472,20,425,179,305,1,75,95,125,45,75,95,0,0,2,0,75,95,5,3
473,mamoswine,473,25,2910,265,320,1,110,130,80,70,60,80,0,3,0,0,60,80,15,5
474,porygon-z,474,9,340,268,227,1,85,80,70,135,75,90,0,0,0,3,75,90,1,0
475,gallade,475,16,520,259,384,1,68,125,65,65,115,80,0,3,0,0,115,80,14,2
476,probopass,476,14,3400,184,402,1,60,55,145,75,150,40,0,0,1,0,150,40,6,9
477,dusknoir,477,22,1066,263,474,1,45,100,135,65,135,45,0,0,1,0,135,45,8,0
478,froslass,478,13,266,168,483,1,70,80,70,80,70,110,0,0,0,0,70,110,15,8
479,rotom,479,3,3,154,587,1,50,50,77,95,77,91,0,0,0,1,77,91,13,8
480,uxie,480,3,3,290,593,1,75,75,130,75,130,95,0,0,2,0,130,95,14,0
481,mesprit,481,3,3,290,594,1,80,105,105,105,105,80,0,1,0,1,105,80,14,0
482,azelf,482,3,3,290,595,1,75,125,70,125,70,115,0,2,0,1,70,115,14,0
483,dialga,483,54,6830,340,596,1,100,120,120,150,100,90,0,0,0,3,100,90,9,16
484,palkia,484,42,3360,340,597,1,90,120,100,150,120,100,0,0,0,3,120,100,11,16
485,heatran,485,17,4300,300,598,1,91,90,106,130,106,77,0,0,0,3,106,77,10,9
486,regigigas,486,37,4200,335,599,1,110,160,110,80,110,100,0,3,0,0,110,100,1,0
487,giratina-altered,487,45,7500,340,600,1,150,100,120,100,120,90,3,0,0,0,120,90,8,16
488,cresselia,488,15,856,300,602,1,120,70,120,75,130,85,0,0,0,0,130,85,14,0
489,phione,489,4,31,216,603,1,80,80,80,80,80,80,1,0,0,0,80,80,11,0
490,manaphy,490,3,14,270,604,1,100,100,100,100,100,100,3,0,0,0,100,100,11,0
491,darkrai,491,15,505,270,605,1,70,90,90,135,90,125,0,0,0,2,90,125,17,0
492,shaymin-land,492,2,21,270,606,1,100,100,100,100,100,100,3,0,0,0,100,100,12,0
493,arceus,493,32,3200,324,608,1,120,120,120,120,120,120,3,0,0,0,120,120,1,0
494,victini,494,4,40,300,609,1,100,100,100,100,100,100,3,0,0,0,100,100,14,10
495,snivy,495,6,81,62,610,1,45,45,55,45,55,63,0,0,0,0,55,63,12,0
496,servine,496,8,160,145,611,1,60,60,75,60,75,83,0,0,0,0,75,83,12,0
497,serperior,497,33,630,238,612,1,75,75,95,75,95,113,0,0,0,0,95,113,12,0
498,tepig,498,5,99,62,613,1,65,63,45,45,45,45,1,0,0,0,45,45,10,0
499,pignite,499,10,555,146,614,1,90,93,55,70,55,55,0,2,0,0,55,55,10,2
500,emboar,500,16,1500,238,615,1,110,123,65,100,65,65,0,3,0,0,65,65,10,2
501,oshawott,501,5,59,62,616,1,55,55,45,63,45,45,0,0,0,1,45,45,11,0
502,dewott,502,8,245,145,617,1,75,75,60,83,60,60,0,0,0,2,60,60,11,0
503,samurott,503,15,946,238,618,1,95,100,85,108,70,70,0,0,0,3,70,70,11,0
504,patrat,504,5,116,51,619,1,45,55,39,35,39,42,0,1,0,0,39,42,1,0
505,watchog,505,11,270,147,620,1,60,85,69,60,69,77,0,2,0,0,69,77,1,0
506,lillipup,506,4,41,55,621,1,45,60,45,25,45,55,0,1,0,0,45,55,1,0
507,herdier,507,9,147,130,622,1,65,80,65,35,65,60,0,2,0,0,65,60,1,0
508,stoutland,508,12,610,250,623,1,85,110,90,45,90,80,0,3,0,0,90,80,1,0
509,purrloin,509,4,101,56,624,1,41,50,37,50,37,66,0,0,0,0,37,66,17,0
510,liepard,510,11,375,156,625,1,64,88,50,88,50,106,0,0,0,0,50,106,17,0
511,pansage,511,6,105,63,626,1,50,53,48,53,48,64,0,0,0,0,48,64,12,0
512,simisage,512,11,305,174,627,1,75,98,63,98,63,101,0,0,0,0,63,101,12,0
513,pansear,513,6,110,63,628,1,50,53,48,53,48,64,0,0,0,0,48,64,10,0
514,simisear,514,10,280,174,629,1,75,98,63,98,63,101,0,0,0,0,63,101,10,0
515,panpour,515,6,135,63,630,1,50,53,48,53,48,64,0,0,0,0,48,64,11,0
516,simipour,516,10,290,174,631,1,75,98,63,98,63,101,0,0,0,0,63,101,11,0
517,munna,517,6,233,58,632,1,76,25,45,67,55,24,1,0,0,0,55,24,14,0
518,musharna,518,11,605,170,633,1,116,55,85,107,95,29,2,0,0,0,95,29,14,0
519,pidove,519,3,21,53,634,1,50,55,50,36,30,43,0,1,0,0,30,43,1,3
520,tranquill,520,6,150,125,635,1,62,77,62,50,42,65,0,2,0,0,42,65,1,3
521,unfezant,521,12,290,244,636,1,80,115,80,65,55,93,0,3,0,0,55,93,1,3
522,blitzle,522,8,298,59,637,1,45,60,32,50,32,76,0,0,0,0,32,76,13,0
523,zebstrika,523,16,795,174,638,1,75,100,63,80,63,116,0,0,0,0,63,116,13,0
524,roggenrola,524,4,180,56,639,1,55,75,85,25,25,15,0,0,1,0,25,15,6,0
525,boldore,525,9,1020,137,640,1,70,105,105,50,40,20,0,1,1,0,40,20,6,0
526,gigalith,526,17,2600,258,641,1,85,135,130,60,80,25,0,3,0,0,80,25,6,0
527,woobat,527,4,21,65,642,1,65,45,43,55,43,72,0,0,0,0,43,72,14,3
528,swoobat,528,9,105,149,643,1,67,57,55,77,55,114,0,0,0,0,55,114,14,3
529,drilbur,529,3,85,66,644,1,60,85,40,30,45,68,0,1,0,0,45,68,5,0
530,excadrill,530,7,404,178,645,1,110,135,60,50,65,88,0,2,0,0,65,88,5,9
531,audino,531,11,310,390,646,1,103,60,86,60,86,50,2,0,0,0,86,50,1,0
532,timburr,532,6,125,61,648,1,75,80,55,25,35,35,0,1,0,0,35,35,2,0
533,gurdurr,533,12,400,142,649,1,85,105,85,40,50,40,0,2,0,0,50,40,2,0
534,conkeldurr,534,14,870,253,650,1,105,140,95,55,65,45,0,3,0,0,65,45,2,0
535,tympole,535,5,45,59,651,1,50,50,40,50,40,64,0,0,0,0,40,64,11,0
536,palpitoad,536,8,170,134,652,1,75,65,55,65,55,69,2,0,0,0,55,69,11,5
537,seismitoad,537,15,620,255,653,1,105,95,75,85,75,74,3,0,0,0,75,74,11,5
538,throh,538,13,555,163,654,1,120,100,85,30,85,45,2,0,0,0,85,45,2,0
539,sawk,539,14,510,163,655,1,75,125,75,30,75,85,0,2,0,0,75,85,2,0
540,sewaddle,540,3,25,62,656,1,45,53,70,40,60,42,0,0,1,0,60,42,7,12
541,swadloon,541,5,73,133,657,1,55,63,90,50,80,42,0,0,2,0,80,42,7,12
542,leavanny,542,12,205,225,658,1,75,103,80,70,80,92,0,3,0,0,80,92,7,12
543,venipede,543,4,53,52,659,1,30,45,59,30,39,57,0,0,1,0,39,57,7,4
544,whirlipede,544,12,585,126,660,1,40,55,99,40,79,47,0,0,2,0,79,47,7,4
545,scolipede,545,25,2005,243,661,1,60,100,89,55,69,112,0,0,0,0,69,112,7,4
546,cottonee,546,3,6,56,662,1,40,27,60,37,50,66,0,0,0,0,50,66,12,18
547,whimsicott,547,7,66,168,663,1,60,67,85,77,75,116,0,0,0,0,75,116,12,18
548,petilil,548,5,66,56,664,1,45,35,50,70,50,30,0,0,0,1,50,30,12,0
549,lilligant,549,11,163,168,665,1,70,60,75,110,75,90,0,0,0,2,75,90,12,0
550,basculin-red-striped,550,10,180,161,666,1,70,92,65,80,55,98,0,0,0,0,55,98,11,0
551,sandile,551,7,152,58,668,1,50,72,35,35,35,65,0,1,0,0,35,65,5,17
552,krokorok,552,10,334,123,669,1,60,82,45,45,45,74,0,2,0,0,45,74,5,17
553,krookodile,553,15,963,260,670,1,95,117,80,65,70,92,0,3,0,0,70,92,5,17
554,darumaka,554,6,375,63,671,1,70,90,45,15,45,50,0,1,0,0,45,50,10,0
555,darmanitan-standard,555,13,929,168,673,1,105,140,55,30,55,95,0,2,0,0,55,95,10,0
556,maractus,556,10,280,161,677,1,75,86,67,106,67,60,0,0,0,2,67,60,12,0
557,dwebble,557,3,145,65,678,1,50,65,85,35,35,55,0,0,1,0,35,55,7,6
558,crustle,558,14,2000,170,679,1,70,105,125,65,75,45,0,0,2,0,75,45,7,6
559,scraggy,559,6,118,70,680,1,50,75,70,35,70,48,0,1,0,0,70,48,17,2
560,scrafty,560,11,300,171,681,1,65,90,115,45,115,58,0,0,1,0,115,58,17,2
561,sigilyph,561,14,140,172,682,1,72,58,80,103,80,97,0,0,0,2,80,97,14,3
562,yamask,562,5,15,61,683,1,38,30,85,55,65,30,0,0,1,0,65,30,8,0
563,cofagrigus,563,17,765,169,685,1,58,50,145,95,105,30,0,0,2,0,105,30,8,0
564,tirtouga,564,7,165,71,686,1,54,78,103,53,45,22,0,0,1,0,45,22,11,6
565,carracosta,565,12,810,173,687,1,74,108,133,83,65,32,0,0,2,0,65,32,11,6
566,archen,566,5,95,71,688,1,55,112,45,74,45,70,0,1,0,0,45,70,6,3
567,archeops,567,14,320,177,689,1,75,140,65,112,65,110,0,2,0,0,65,110,6,3
568,trubbish,568,6,310,66,690,1,50,50,62,40,62,65,0,0,0,0,62,65,4,0
569,garbodor,569,19,1073,166,691,1,80,95,82,60,82,75,0,2,0,0,82,75,4,0
570,zorua,570,7,125,66,692,1,40,65,40,80,40,65,0,0,0,1,40,65,17,0
571,zoroark,571,16,811,179,693,1,60,105,60,120,60,105,0,0,0,2,60,105,17,0
572,minccino,572,4,58,60,694,1,55,50,40,40,40,75,0,0,0,0,40,75,1,0
573,cinccino,573,5,75,165,695,1,75,95,60,65,60,115,0,0,0,0,60,115,1,0
574,gothita,574,4,58,58,696,1,45,30,50,55,65,45,0,0,0,0,65,45,14,0
575,gothorita,575,7,180,137,697,1,60,45,70,75,85,55,0,0,0,0,85,55,14,0
576,gothitelle,576,15,440,245,698,1,70,55,95,95,110,65,0,0,0,0,110,65,14,0
577,solosis,577,3,10,58,699,1,45,30,40,105,50,20,0,0,0,1,50,20,14,0
578,duosion,578,6,80,130,700,1,65,40,50,125,60,30,0,0,0,2,60,30,14,0
579,reuniclus,579,10,201,245,701,1,110,65,75,125,85,30,0,0,0,3,85,30,14,0
580,ducklett,580,5,55,61,702,1,62,44,50,44,50,55,1,0,0,0,50,55,11,3
581,swanna,581,13,242,166,703,1,75,87,63,87,63,98,0,0,0,0,63,98,11,3
582,vanillite,582,4,57,61,704,1,36,50,50,65,60,44,0,0,0,1,60,44,15,0
583,vanillish,583,11,410,138,705,1,51,65,65,80,75,59,0,0,0,2,75,59,15,0
584,vanilluxe,584,13,575,268,706,1,71,95,85,110,95,79,0,0,0,3,95,79,15,0
585,deerling,585,6,195,67,707,1,60,60,50,40,50,75,0,0,0,0,50,75,1,12
586,sawsbuck,586,19,925,166,708,1,80,100,70,60,70,95,0,2,0,0,70,95,1,12
587,emolga,587,4,50,150,709,1,55,75,60,75,60,103,0,0,0,0,60,103,13,3
588,karrablast,588,5,59,63,710,1,50,75,45,40,45,60,0,1,0,0,45,60,7,0
589,escavalier,589,10,330,173,711,1,70,135,105,60,105,20,0,2,0,0,105,20,7,9
590,foongus,590,2,10,59,712,1,69,55,45,55,55,15,1,0,0,0,55,15,12,4
591,amoonguss,591,6,105,162,713,1,114,85,70,85,80,30,2,0,0,0,80,30,12,4
592,frillish,592,12,330,67,714,1,55,40,50,65,85,40,0,0,0,0,85,40,11,8
593,jellicent,593,22,1350,168,715,1,100,60,70,85,105,60,0,0,0,0,105,60,11,8
594,alomomola,594,12,316,165,716,1,165,75,80,40,45,65,2,0,0,0,45,65,11,0
595,joltik,595,1,6,64,717,1,50,47,50,57,50,65,0,0,0,0,50,65,7,13
596,galvantula,596,8,143,165,718,1,70,77,60,97,60,108,0,0,0,0,60,108,7,13
597,ferroseed,597,6,188,61,719,1,44,50,91,24,86,10,0,0,1,0,86,10,12,9
598,ferrothorn,598,10,1100,171,720,1,74,94,131,54,116,20,0,0,2,0,116,20,12,9
599,klink,599,3,210,60,721,1,40,55,70,45,60,30,0,0,1,0,60,30,9,0
600,klang,600,6,510,154,722,1,60,80,95,70,85,50,0,0,2,0,85,50,9,0
601,klinklang,601,6,810,260,723,1,60,100,115,70,85,90,0,0,3,0,85,90,9,0
602,tynamo,602,2,3,55,724,1,35,55,40,45,40,60,0,0,0,0,40,60,13,0
603,eelektrik,603,12,220,142,725,1,65,85,70,75,70,40,0,2,0,0,70,40,13,0
604,eelektross,604,21,805,232,726,1,85,115,80,105,80,50,0,3,0,0,80,50,13,0
605,elgyem,605,5,90,67,727,1,55,55,55,85,55,30,0,0,0,1,55,30,14,0
606,beheeyem,606,10,345,170,728,1,75,75,75,125,95,40,0,0,0,2,95,40,14,0
607,litwick,607,3,31,55,729,1,50,30,55,65,55,20,0,0,0,1,55,20,8,10
608,lampent,608,6,130,130,730,1,60,40,60,95,60,55,0,0,0,2,60,55,8,10
609,chandelure,609,10,343,260,731,1,60,55,90,145,90,80,0,0,0,3,90,80,8,10
610,axew,610,6,180,64,732,1,46,87,60,30,40,57,0,1,0,0,40,57,16,0
611,fraxure,611,10,360,144,733,1,66,117,70,40,50,67,0,2,0,0,50,67,16,0
612,haxorus,612,18,1055,270,734,1,76,147,90,60,70,97,0,3,0,0,70,97,16,0
613,cubchoo,613,5,85,61,735,1,55,70,40,60,40,40,0,1,0,0,40,40,15,0
614,beartic,614,26,2600,177,736,1,95,130,80,70,80,50,0,2,0,0,80,50,15,0
615,cryogonal,615,11,1480,180,737,1,80,50,50,95,135,105,0,0,0,0,135,105,15,0
616,shelmet,616,4,77,61,738,1,50,40,85,40,65,25,0,0,1,0,65,25,7,0
617,accelgor,617,8,253,173,739,1,80,70,40,100,60,145,0,0,0,0,60,145,7,0
618,stunfisk,618,7,110,165,740,1,109,66,84,81,99,32,2,0,0,0,99,32,5,13
619,mienfoo,619,9,200,70,742,1,45,85,50,55,50,65,0,1,0,0,50,65,2,0
620,mienshao,620,14,355,179,743,1,65,125,60,95,60,105,0,2,0,0,60,105,2,0
621,druddigon,621,16,1390,170,744,1,77,120,90,60,90,48,0,2,0,0,90,48,16,0
622,golett,622,10,920,61,745,1,59,74,50,35,50,35,0,1,0,0,50,35,5,8
623,golurk,623,28,3300,169,746,1,89,124,80,55,80,55,0,2,0,0,80,55,5,8
624,pawniard,624,5,102,68,747,1,45,85,70,40,40,60,0,1,0,0,40,60,17,9
625,bisharp,625,16,700,172,748,1,65,125,100,60,70,70,0,2,0,0,70,70,17,9
626,bouffalant,626,16,946,172,749,1,95,110,95,40,95,55,0,2,0,0,95,55,1,0
627,rufflet,627,5,105,70,750,1,70,83,50,37,50,60,0,1,0,0,50,60,1,3
628,braviary,628,15,410,179,751,1,100,123,75,57,75,80,0,2,0,0,75,80,1,3
629,vullaby,629,5,90,74,752,1,70,55,75,45,65,60,0,0,1,0,65,60,17,3
630,mandibuzz,630,12,395,179,753,1,110,65,105,55,95,80,0,0,0,2,95,80,17,3
631,heatmor,631,14,580,169,754,1,85,97,66,105,66,65,0,0,0,2,66,65,10,0
632,durant,632,3,330,169,755,1,58,109,112,48,48,109,0,0,2,0,48,109,7,9
633,deino,633,8,173,60,756,1,52,65,50,45,50,38,0,1,0,0,50,38,17,16
634,zweilous,634,14,500,147,757,1,72,85,70,65,70,58,0,2,0,0,70,58,17,16
635,hydreigon,635,18,1600,300,758,1,92,105,90,125,90,98,0,0,0,3,90,98,17,16
636,larvesta,636,11,288,72,759,1,55,85,55,50,55,60,0,1,0,0,55,60,7,10
637,volcarona,637,16,460,275,760,1,85,60,65,135,105,100,0,0,0,3,105,100,7,10
638,cobalion,638,21,2500,290,761,1,91,90,129,90,72,108,0,0,3,0,72,108,9,2
639,terrakion,639,19,2600,290,762,1,91,129,90,72,90,108,0,3,0,0,90,108,6,2
640,virizion,640,20,2000,290,763,1,91,90,72,90,129,108,0,0,0,0,129,108,12,2
641,tornadus-incarnate,641,15,630,290,764,1,79,115,70,125,80,111,0,3,0,0,80,111,3,0
642,thundurus-incarnate,642,15,610,290,766,1,79,115,70,125,80,111,0,3,0,0,80,111,13,3
643,reshiram,643,32,3300,340,768,1,100,120,100,150,120,90,0,0,0,3,120,90,16,10
644,zekrom,644,29,3450,340,769,1,100,150,120,120,100,90,0,3,0,0,100,90,16,13
645,landorus-incarnate,645,15,680,300,770,1,89,125,90,115,80,101,0,0,0,3,80,101,5,3
646,kyurem,646,30,3250,330,772,1,125,130,90,130,90,95,1,1,0,1,90,95,16,15
647,keldeo-ordinary,647,14,485,290,775,1,91,72,90,129,90,108,0,0,0,3,90,108,11,2
648,meloetta-aria,648,6,65,270,777,1,100,77,77,128,128,90,0,0,0,1,128,90,1,14
649,genesect,649,15,825,300,779,1,71,120,95,120,95,99,0,1,0,1,95,99,7,9
650,chespin,650,4,90,63,780,1,56,61,65,48,45,38,0,0,1,0,45,38,12,0
651,quilladin,651,7,290,142,781,1,61,78,95,56,58,57,0,0,2,0,58,57,12,0
652,chesnaught,652,16,900,239,782,1,88,107,122,74,75,64,0,0,3,0,75,64,12,2
653,fennekin,653,4,94,61,783,1,40,45,40,62,60,60,0,0,0,1,60,60,10,0
654,braixen,654,10,145,143,784,1,59,59,58,90,70,73,0,0,0,2,70,73,10,0
655,delphox,655,15,390,240,785,1,75,69,72,114,100,104,0,0,0,3,100,104,10,14
656,froakie,656,3,70,63,786,1,41,56,40,62,44,71,0,0,0,0,44,71,11,0
657,frogadier,657,6,109,142,787,1,54,63,52,83,56,97,0,0,0,0,56,97,11,0
658,greninja,658,15,400,239,788,1,72,95,67,103,71,122,0,0,0,0,71,122,11,17
659,bunnelby,659,4,50,47,791,1,38,36,38,32,36,57,0,0,0,0,36,57,1,0
660,diggersby,660,10,424,148,792,1,85,56,77,50,77,78,2,0,0,0,77,78,1,5
661,fletchling,661,3,17,56,793,1,45,50,43,40,38,62,0,0,0,0,38,62,1,3
662,fletchinder,662,7,160,134,794,1,62,73,55,56,52,84,0,0,0,0,52,84,10,3
663,talonflame,663,12,245,175,795,1,78,81,71,74,69,126,0,0,0,0,69,126,10,3
664,scatterbug,664,3,25,40,796,1,38,35,40,27,25,35,0,0,1,0,25,35,7,0
665,spewpa,665,3,84,75,797,1,45,22,60,27,30,29,0,0,2,0,30,29,7,0
666,vivillon,666,12,170,185,798,1,80,52,50,90,50,89,1,0,0,1,50,89,7,3
667,litleo,667,6,135,74,799,1,62,50,58,73,54,72,0,0,0,1,54,72,10,1
668,pyroar,668,15,815,177,800,1,86,68,72,109,66,106,0,0,0,2,66,106,10,1
669,flabebe,669,1,1,61,801,1,44,38,39,61,79,42,0,0,0,0,79,42,18,0
670,floette,670,2,9,130,802,1,54,45,47,75,98,52,0,0,0,0,98,52,18,0
671,florges,671,11,100,248,804,1,78,65,68,112,154,75,0,0,0,0,154,75,18,0
672,skiddo,672,9,310,70,805,1,66,65,48,62,57,52,1,0,0,0,57,52,12,0
673,gogoat,673,17,910,186,806,1,123,100,62,97,81,68,2,0,0,0,81,68,12,0
674,pancham,674,6,80,70,807,1,67,82,62,46,48,43,0,1,0,0,48,43,2,0
675,pangoro,675,21,1360,173,808,1,95,124,78,69,71,58,0,2,0,0,71,58,2,17
676,furfrou,676,12,280,165,809,1,75,80,60,65,90,102,0,0,0,0,90,102,1,0
677,espurr,677,3,35,71,810,1,62,48,54,63,60,68,0,0,0,0,60,68,14,0
678,meowstic-male,678,6,85,163,811,1,74,48,76,83,81,104,0,0,0,0,81,104,14,0
679,honedge,679,8,20,65,813,1,45,80,100,35,37,28,0,0,1,0,37,28,9,8
680,doublade,680,8,45,157,814,1,59,110,150,45,49,35,0,0,2,0,49,35,9,8
681,aegislash-shield,681,17,530,250,815,1,60,50,140,50,140,60,0,0,2,0,140,60,9,8
682,spritzee,682,2,5,68,817,1,78,52,60,63,65,23,1,0,0,0,65,23,18,0
683,aromatisse,683,8,155,162,818,1,101,72,72,99,89,29,2,0,0,0,89,29,18,0
684,swirlix,684,4,35,68,819,1,62,48,66,59,57,49,0,0,1,0,57,49,18,0
685,slurpuff,685,8,50,168,820,1,82,80,86,85,75,72,0,0,2,0,75,72,18,0
686,inkay,686,4,35,58,821,1,53,54,53,37,46,45,0,1,0,0,46,45,17,14
687,malamar,687,15,470,169,822,1,86,92,88,68,75,73,0,2,0,0,75,73,17,14
688,binacle,688,5,310,61,823,1,42,52,67,39,56,50,0,1,0,0,56,50,6,11
689,barbaracle,689,13,960,175,824,1,72,105,115,54,86,68,0,2,0,0,86,68,6,11
690,skrelp,690,5,73,64,825,1,50,60,60,60,60,30,0,0,0,0,60,30,4,11
691,dragalge,691,18,815,173,826,1,65,75,90,97,123,44,0,0,0,0,123,44,4,16
692,clauncher,692,5,83,66,827,1,50,53,62,58,63,44,0,0,0,1,63,44,11,0
693,clawitzer,693,13,353,100,828,1,71,73,88,120,89,59,0,0,0,2,89,59,11,0
694,helioptile,694,5,60,58,829,1,44,38,33,61,43,70,0,0,0,0,43,70,13,1
695,heliolisk,695,10,210,168,830,1,62,55,52,109,94,109,0,0,0,1,94,109,13,1
696,tyrunt,696,8,260,72,831,1,58,89,77,45,45,48,0,1,0,0,45,48,6,16
697,tyrantrum,697,25,2700,182,832,1,82,121,119,69,59,71,0,2,0,0,59,71,6,16
698,amaura,698,13,252,72,833,1,77,59,50,67,63,46,1,0,0,0,63,46,6,15
699,aurorus,699,27,2250,104,834,1,123,77,72,99,92,58,2,0,0,0,92,58,6,15
700,sylveon,700,10,235,184,224,1,95,65,65,110,130,60,0,0,0,0,130,60,18,0
701,hawlucha,701,8,215,175,835,1,78,92,75,74,63,118,0,2,0,0,63,118,2,3
702,dedenne,702,2,22,151,836,1,67,58,57,81,67,101,0,0,0,0,67,101,13,18
703,carbink,703,3,57,100,837,1,50,50,150,50,150,50,0,0,1,0,150,50,6,18
704,goomy,704,3,28,60,838,1,45,50,35,55,75,40,0,0,0,0,75,40,16,0
705,sliggoo,705,8,175,158,839,1,68,75,53,83,113,60,0,0,0,0,113,60,16,0
706,goodra,706,20,1505,300,840,1,90,100,70,110,150,80,0,0,0,0,150,80,16,0
707,klefki,707,2,30,165,841,1,57,80,91,80,87,75,0,0,1,0,87,75,9,18
708,phantump,708,4,70,62,842,1,43,70,48,50,60,38,0,1,0,0,60,38,8,12
709,trevenant,709,15,710,166,843,1,85,110,76,65,82,56,0,2,0,0,82,56,8,12
710,pumpkaboo-average,710,4,50,67,844,1,49,66,70,44,55,51,0,0,1,0,55,51,8,12
711,gourgeist-average,711,9,125,173,848,1,65,90,122,58,75,84,0,0,2,0,75,84,8,12
712,bergmite,712,10,995,61,852,1,55,69,85,32,35,28,0,0,1,0,35,28,15,0
713,avalugg,713,20,5050,180,853,1,95,117,184,44,46,28,0,0,2,0,46,28,15,0
714,noibat,714,5,80,49,854,1,40,30,35,45,40,55,0,0,0,0,40,55,3,16
715,noivern,715,15,850,187,855,1,85,70,80,97,80,123,0,0,0,0,80,123,3,16
716,xerneas,716,30,2150,340,856,1,126,131,95,131,98,99,3,0,0,0,98,99,18,0
717,yveltal,717,58,2030,340,857,1,126,131,95,131,98,99,3,0,0,0,98,99,17,3
718,zygarde-50,718,50,3050,300,858,1,108,100,121,81,95,95,3,0,0,0,95,95,16,5
719,diancie,719,7,88,300,863,1,50,100,150,100,150,50,0,0,1,0,150,50,6,18
720,hoopa,720,5,90,270,865,1,80,110,60,150,130,70,0,0,0,3,130,70,14,8
721,volcanion,721,17,1950,300,867,1,80,110,120,130,90,70,0,0,0,3,90,70,10,11
722,rowlet,722,3,15,64,868,1,68,55,55,50,50,42,1,0,0,0,50,42,12,3
723,dartrix,723,7,160,147,869,1,78,75,75,70,70,52,2,0,0,0,70,52,12,3
724,decidueye,724,16,366,265,870,1,78,107,75,100,100,70,0,3,0,0,100,70,12,8
725,litten,725,4,43,64,871,1,45,65,40,60,40,70,0,0,0,0,40,70,10,0
726,torracat,726,7,250,147,872,1,65,85,50,80,50,90,0,0,0,0,50,90,10,0
727,incineroar,727,18,830,265,873,1,95,115,90,80,90,60,0,3,0,0,90,60,10,17
728,popplio,728,4,75,64,874,1,50,54,54,66,56,40,0,0,0,1,56,40,11,0
729,brionne,729,6,175,147,875,1,60,69,69,91,81,50,0,0,0,2,81,50,11,0
730,primarina,730,18,440,265,876,1,80,74,74,126,116,60,0,0,0,3,116,60,11,18
731,pikipek,731,3,12,53,877,1,35,75,30,30,30,65,0,1,0,0,30,65,1,3
732,trumbeak,732,6,148,124,878,1,55,85,50,40,50,75,0,2,0,0,50,75,1,3
733,toucannon,733,11,260,218,879,1,80,120,75,75,75,60,0,3,0,0,75,60,1,3
734,yungoos,734,4,60,51,880,1,48,70,30,30,30,45,0,1,0,0,30,45,1,0
735,gumshoos,735,7,142,146,881,1,88,110,60,55,60,45,0,2,0,0,60,45,1,0
736,grubbin,736,4,44,60,883,1,47,62,45,55,45,46,0,1,0,0,45,46,7,0
737,charjabug,737,5,105,140,884,1,57,82,95,55,75,36,0,0,2,0,75,36,7,13
738,vikavolt,738,15,450,250,885,1,77,70,90,145,75,43,0,0,0,3,75,43,7,13
739,crabrawler,739,6,70,68,887,1,47,82,57,42,47,63,0,1,0,0,47,63,2,0
740,crabominable,740,17,1800,167,888,1,97,132,77,62,67,43,0,2,0,0,67,43,2,15
741,oricorio-baile,741,6,34,167,889,1,75,70,70,98,70,93,0,0,0,2,70,93,10,3
742,cutiefly,742,1,2,61,893,1,40,45,40,55,40,84,0,0,0,0,40,84,7,18
743,ribombee,743,2,5,162,894,1,60,55,60,95,70,124,0,0,0,0,70,124,7,18
744,rockruff,744,5,92,56,896,1,45,65,40,30,40,60,0,1,0,0,40,60,6,0
745,lycanroc-midday,745,8,250,170,898,1,75,115,65,55,65,112,0,2,0,0,65,112,6,0
746,wishiwashi-solo,746,2,3,61,901,1,45,20,20,25,25,40,1,0,0,0,25,40,11,0
747,mareanie,747,4,80,61,903,1,50,53,62,43,52,45,0,0,1,0,52,45,4,11
748,toxapex,748,7,145,173,904,1,50,63,152,53,142,35,0,0,2,0,142,35,4,11
749,mudbray,749,10,1100,77,905,1,70,100,70,45,55,45,0,1,0,0,55,45,5,0
750,mudsdale,750,25,9200,175,906,1,100,125,100,55,85,35,0,2,0,0,85,35,5,0
751,dewpider,751,3,40,54,907,1,38,40,52,40,72,27,0,0,0,0,72,27,11,7
752,araquanid,752,18,820,159,908,1,68,70,92,50,132,42,0,0,0,0,132,42,11,7
753,fomantis,753,3,15,50,910,1,40,55,35,50,35,35,0,1,0,0,35,35,12,0
754,lurantis,754,9,185,168,911,1,70,105,90,80,90,45,0,2,0,0,90,45,12,0
755,morelull,755,2,15,57,913,1,40,35,55,65,75,15,0,0,0,0,75,15,12,18
756,shiinotic,756,10,115,142,914,1,60,45,80,90,100,30,0,0,0,0,100,30,12,18
757,salandit,757,6,48,64,915,1,48,44,40,71,40,77,0,0,0,0,40,77,4,10
758,salazzle,758,12,222,168,916,1,68,64,60,111,60,117,0,0,0,0,60,117,4,10
759,stufful,759,5,68,68,918,1,70,75,50,45,50,50,0,1,0,0,50,50,1,2
760,bewear,760,21,1350,175,919,1,120,125,80,55,60,60,0,2,0,0,60,60,1,2
761,bounsweet,761,3,32,42,920,1,42,30,38,30,38,32,1,0,0,0,38,32,12,0
762,steenee,762,7,82,102,921,1,52,40,48,40,48,62,0,0,0,0,48,62,12,0
763,tsareena,763,12,214,255,922,1,72,120,98,50,98,72,0,3,0,0,98,72,12,0
764,comfey,764,1,3,170,923,1,51,52,90,82,110,100,0,0,0,0,110,100,18,0
765,oranguru,765,15,760,172,924,1,90,60,80,90,110,60,0,0,0,0,110,60,1,14
766,passimian,766,20,828,172,925,1,100,120,90,40,60,80,0,2,0,0,60,80,2,0
767,wimpod,767,5,120,46,926,1,25,35,40,20,30,80,0,0,0,0,30,80,7,11
768,golisopod,768,20,1080,186,927,1,75,125,140,60,90,40,0,0,2,0,90,40,7,11
769,sandygast,769,5,700,64,928,1,55,55,80,70,45,15,0,0,1,0,45,15,8,5
770,palossand,770,13,2500,168,929,1,85,75,110,100,75,35,0,0,2,0,75,35,8,5
771,pyukumuku,771,3,12,144,930,1,55,60,130,30,130,5,0,0,0,0,130,5,11,0
772,type-null,772,19,1205,107,931,1,95,95,95,95,95,59,2,0,0,0,95,59,1,0
773,silvally,773,23,1005,285,932,1,95,95,95,95,95,95,3,0,0,0,95,95,1,0
774,minior-red-meteor,774,3,400,154,933,1,60,60,100,60,100,60,0,0,1,0,100,60,6,3
775,komala,775,4,199,168,947,1,65,115,65,75,95,65,0,2,0,0,95,65,1,0
776,turtonator,776,20,2120,170,948,1,60,78,135,91,85,36,0,0,2,0,85,36,10,16
777,togedemaru,777,3,33,152,949,1,65,98,63,40,73,96,0,2,0,0,73,96,13,9
778,mimikyu-disguised,778,2,7,167,951,1,55,90,80,50,105,96,0,0,0,0,105,96,8,18
779,bruxish,779,9,190,166,955,1,68,105,70,70,70,92,0,2,0,0,70,92,11,14
780,drampa,780,30,1850,170,956,1,78,60,85,135,91,36,0,0,0,2,91,36,1,16
781,dhelmise,781,39,2100,181,957,1,70,131,100,86,90,40,0,2,0,0,90,40,8,12
782,jangmo-o,782,6,297,60,958,1,45,55,65,45,45,45,0,0,1,0,45,45,16,0
783,hakamo-o,783,12,470,147,959,1,55,75,90,65,70,65,0,0,2,0,70,65,16,2
784,kommo-o,784,16,782,300,960,1,75,110,125,100,105,85,0,0,3,0,105,85,16,2
785,tapu-koko,785,18,205,285,962,1,70,115,85,95,75,130,0,0,0,0,75,130,13,18
786,tapu-lele,786,12,186,285,963,1,70,85,75,130,115,95,0,0,0,3,115,95,14,18
787,tapu-bulu,787,19,455,285,964,1,70,130,115,85,95,75,0,3,0,0,95,75,12,18
788,tapu-fini,788,13,212,285,965,1,70,75,115,95,130,85,0,0,0,0,130,85,11,18
789,cosmog,789,2,1,40,966,1,43,29,31,29,31,37,1,0,0,0,31,37,14,0
790,cosmoem,790,1,9999,140,967,1,43,29,131,29,131,37,0,0,1,0,131,37,14,0
791,solgaleo,791,34,2300,340,968,1,137,137,107,113,89,97,0,3,0,0,89,97,14,9
792,lunala,792,40,1200,340,969,1,137,113,89,137,107,97,0,0,0,3,107,97,14,8
793,nihilego,793,12,555,285,970,1,109,53,47,127,131,103,0,0,0,0,131,103,6,4
794,buzzwole,794,24,3336,285,971,1,107,139,139,53,53,79,0,1,2,0,53,79,7,2
795,pheromosa,795,18,250,285,972,1,71,137,37,137,37,151,0,0,0,0,37,151,7,2
796,xurkitree,796,38,1000,285,973,1,83,89,71,173,71,83,0,0,0,3,71,83,13,0
797,celesteela,797,92,9999,285,974,1,97,101,103,107,101,61,0,1,1,1,101,61,9,3
798,kartana,798,3,1,285,975,1,59,181,131,59,31,109,0,3,0,0,31,109,12,9
799,guzzlord,799,55,8880,285,976,1,223,101,53,97,53,43,3,0,0,0,53,43,17,16
800,necrozma,800,24,2300,300,977,1,97,107,101,127,89,79,0,1,0,2,89,79,14,0
801,magearna,801,10,805,300,981,1,80,95,115,130,115,65,0,0,0,3,115,65,9,18
802,marshadow,802,7,222,300,983,1,90,125,80,90,90,125,0,2,0,0,90,125,2,8
803,poipole,803,6,18,210,984,1,67,73,67,73,67,73,0,0,0,0,67,73,4,0
804,naganadel,804,36,1500,270,985,1,73,73,73,127,73,121,0,0,0,3,73,121,4,16
805,stakataka,805,55,8200,285,986,1,61,131,211,53,101,13,0,0,3,0,101,13,6,9
806,blacephalon,806,18,130,285,987,1,53,127,53,151,79,107,0,0,0,3,79,107,10,8
807,zeraora,807,15,445,300,988,1,88,112,75,102,80,143,0,0,0,0,80,143,13,0
808,meltan,808,2,80,150,989,1,46,65,65,55,35,34,0,1,0,0,35,34,9,0
809,melmetal,809,25,8000,300,990,1,135,143,143,80,65,34,0,3,0,0,65,34,9,0
810,grookey,810,3,50,62,991,1,50,65,50,40,40,65,0,1,0,0,40,65,12,0
811,thwackey,811,7,140,147,992,1,70,85,70,55,60,80,0,2,0,0,60,80,12,0
812,rillaboom,812,21,900,265,993,1,100,125,90,60,70,85,0,3,0,0,70,85,12,0
813,scorbunny,813,3,45,62,994,1,50,71,40,40,40,69,0,0,0,0,40,69,10,0
814,raboot,814,6,90,147,995,1,65,86,60,55,60,94,0,0,0,0,60,94,10,0
815,cinderace,815,14,330,265,996,1,80,116,75,65,75,119,0,0,0,0,75,119,10,0
816,sobble,816,3,40,62,997,1,50,40,40,70,40,70,0,0,0,0,40,70,11,0
817,drizzile,817,7,115,147,998,1,65,60,55,95,55,90,0,0,0,2,55,90,11,0
818,inteleon,818,19,452,265,999,1,70,85,65,125,65,120,0,0,0,0,65,120,11,0
819,skwovet,819,3,25,55,1000,1,70,55,55,35,35,25,1,0,0,0,35,25,1,0
820,greedent,820,6,60,161,1001,1,120,95,95,55,75,20,2,0,0,0,75,20,1,0
821,rookidee,821,2,18,49,1002,1,38,47,35,33,35,57,0,0,0,0,35,57,3,0
822,corvisquire,822,8,160,128,1003,1,68,67,55,43,55,77,0,0,0,0,55,77,3,0
823,corviknight,823,22,750,248,1004,1,98,87,105,53,85,67,0,0,3,0,85,67,3,9
824,blipbug,824,4,80,36,1005,1,25,20,20,25,45,45,0,0,0,0,45,45,7,0
825,dottler,825,4,195,117,1006,1,50,35,80,50,90,30,0,0,0,0,90,30,7,14
826,orbeetle,826,4,408,253,1007,1,60,45,110,80,120,90,0,0,0,0,120,90,7,14
827,nickit,827,6,89,49,1008,1,40,28,28,47,52,50,0,0,0,0,52,50,17,0
828,thievul,828,12,199,159,1009,1,70,58,58,87,92,90,0,0,0,0,92,90,17,0
829,gossifleur,829,4,22,50,1010,1,40,40,60,40,60,10,0,0,0,0,60,10,12,0
830,eldegoss,830,5,25,161,1011,1,60,50,90,80,120,60,0,0,0,0,120,60,12,0
831,wooloo,831,6,60,122,1012,1,42,40,55,40,45,48,0,0,1,0,45,48,1,0
832,dubwool,832,13,430,172,1013,1,72,80,100,60,90,88,0,0,2,0,90,88,1,0
833,chewtle,833,3,85,57,1014,1,50,64,50,38,38,44,0,1,0,0,38,44,11,0
834,drednaw,834,10,1155,170,1015,1,90,115,90,48,68,74,0,2,0,0,68,74,11,6
835,yamper,835,3,135,54,1016,1,59,45,50,40,50,26,1,0,0,0,50,26,13,0
836,boltund,836,10,340,172,1017,1,69,90,60,90,60,121,0,0,0,0,60,121,13,0
837,rolycoly,837,3,120,48,1018,1,30,40,50,40,50,30,0,0,1,0,50,30,6,0
838,carkol,838,11,780,144,1019,1,80,60,90,60,70,50,0,0,2,0,70,50,6,10
839,coalossal,839,28,3105,255,1020,1,110,80,120,80,90,30,0,0,3,0,90,30,6,10
840,applin,840,2,5,52,1021,1,40,40,80,40,40,20,0,0,1,0,40,20,12,16
841,flapple,841,3,10,170,1022,1,70,110,80,95,60,70,0,2,0,0,60,70,12,16
842,appletun,842,4,130,170,1023,1,110,85,80,100,80,30,2,0,0,0,80,30,12,16
843,silicobra,843,22,76,63,1024,1,52,57,75,35,50,46,0,0,1,0,50,46,5,0
844,sandaconda,844,38,655,179,1025,1,72,107,125,65,70,71,0,0,2,0,70,71,5,0
845,cramorant,845,8,180,166,1026,1,70,85,55,85,95,85,0,0,0,0,95,85,3,11
846,arrokuda,846,5,10,56,1029,1,41,63,40,40,30,66,0,0,0,0,30,66,11,0
847,barraskewda,847,13,300,172,1030,1,61,123,60,60,50,136,0,0,0,0,50,136,11,0
848,toxel,848,4,110,48,1031,1,40,38,35,54,35,40,0,0,0,1,35,40,13,4
849,toxtricity-amped,849,16,400,176,1032,1,75,98,70,114,70,75,0,0,0,2,70,75,13,4
850,sizzlipede,850,7,10,61,1034,1,50,65,45,50,50,45,0,1,0,0,50,45,10,7
851,centiskorch,851,30,1200,184,1035,1,100,115,65,90,90,65,0,2,0,0,90,65,10,7
852,clobbopus,852,6,40,62,1036,1,50,68,60,50,50,32,0,1,0,0,50,32,2,0
853,grapploct,853,16,390,168,1037,1,80,118,90,70,80,42,0,2,0,0,80,42,2,0
854,sinistea,854,1,2,62,1038,1,40,45,45,74,54,50,0,0,0,1,54,50,8,0
855,polteageist,855,2,4,178,1039,1,60,65,65,134,114,70,0,0,0,2,114,70,8,0
856,hatenna,856,4,34,53,1040,1,42,30,45,56,53,39,0,0,0,1,53,39,14,0
857,hattrem,857,6,48,130,1041,1,57,40,65,86,73,49,0,0,0,2,73,49,14,0
858,hatterene,858,21,51,255,1042,1,57,90,95,136,103,29,0,0,0,3,103,29,14,18
859,impidimp,859,4,55,53,1043,1,45,45,30,55,40,50,0,0,0,1,40,50,17,18
860,morgrem,860,8,125,130,1044,1,65,60,45,75,55,70,0,0,0,2,55,70,17,18
861,grimmsnarl,861,15,610,255,1045,1,95,120,65,95,75,60,0,3,0,0,75,60,17,18
862,obstagoon,862,16,460,260,1046,1,93,90,101,60,81,95,0,0,3,0,81,95,17,1
863,perrserker,863,8,280,154,1047,1,70,110,100,50,60,50,0,2,0,0,60,50,9,0
864,cursola,864,10,4,179,1048,1,60,95,50,145,130,30,0,0,0,2,130,30,8,0
865,sirfetchd,865,8,1170,177,1049,1,62,135,95,68,82,65,0,2,0,0,82,65,2,0
866,mr-rime,866,15,582,182,1050,1,80,85,75,110,100,70,0,0,0,3,100,70,15,14
867,runerigus,867,16,666,169,1051,1,58,95,145,50,105,30,0,0,2,0,105,30,5,8
868,milcery,868,2,3,54,1052,1,45,40,40,50,61,34,0,0,0,0,61,34,18,0
869,alcremie,869,3,5,173,1053,1,65,60,75,110,121,64,0,0,0,0,121,64,18,0
870,falinks,870,30,620,165,1054,1,65,100,100,70,60,75,0,2,0,0,60,75,2,0
871,pincurchin,871,3,10,152,1055,1,48,101,95,91,85,15,0,2,0,0,85,15,13,0
872,snom,872,3,38,37,1056,1,30,25,35,45,30,20,0,0,0,1,30,20,15,7
873,frosmoth,873,13,420,166,1057,1,70,65,60,125,90,65,0,0,0,2,90,65,15,7
874,stonjourner,874,25,5200,165,1058,1,100,125,135,20,20,70,0,0,2,0,20,70,6,0
875,eiscue-ice,875,14,890,165,1059,1,75,80,110,65,90,50,0,0,2,0,90,50,15,0
876,indeedee-male,876,9,280,166,1061,1,60,65,55,105,95,95,0,0,0,2,95,95,14,1
877,morpeko-full-belly,877,3,30,153,1063,1,58,95,58,70,58,97,0,0,0,0,58,97,13,17
878,cufant,878,12,1000,66,1065,1,72,80,49,40,49,40,0,1,0,0,49,40,9,0
879,copperajah,879,30,6500,175,1066,1,122,130,69,80,69,30,0,2,0,0,69,30,9,0
880,dracozolt,880,18,1900,177,1067,1,90,100,90,80,70,75,0,2,0,0,70,75,13,16
881,arctozolt,881,23,1500,177,1068,1,90,100,90,90,80,55,0,2,0,0,80,55,13,15
882,dracovish,882,23,2150,177,1069,1,90,90,100,70,80,75,0,0,2,0,80,75,11,16
883,arctovish,883,20,1750,177,1070,1,90,90,100,80,90,55,0,0,2,0,90,55,11,15
884,duraludon,884,18,400,187,1071,1,70,95,115,120,50,85,0,0,0,2,50,85,9,16
885,dreepy,885,5,20,54,1072,1,28,60,30,40,30,82,0,0,0,0,30,82,16,8
886,drakloak,886,14,110,144,1073,1,68,80,50,60,50,102,0,0,0,0,50,102,16,8
887,dragapult,887,30,500,300,1074,1,88,120,75,100,75,142,0,0,0,0,75,142,16,8
888,zacian,888,28,1100,335,1075,1,92,130,115,80,115,138,0,0,0,0,115,138,18,0
889,zamazenta,889,29,2100,335,1077,1,92,130,115,80,115,138,0,0,0,0,115,138,2,0
890,eternatus,890,200,9500,345,1079,1,140,85,95,145,95,130,3,0,0,0,95,130,4,16
891,kubfu,891,6,120,77,1081,1,60,90,60,53,50,72,0,1,0,0,50,72,2,0
892,urshifu-single-strike,892,19,1050,275,1082,1,100,130,100,63,60,97,0,3,0,0,60,97,2,17
893,zarude,893,18,700,300,1084,1,105,120,105,70,95,105,0,3,0,0,95,105,17,12
894,regieleki,894,12,1450,290,1086,1,80,100,50,100,50,200,0,0,0,0,50,200,13,0
895,regidrago,895,21,2000,290,1087,1,200,100,50,100,50,80,3,0,0,0,50,80,16,0
896,glastrier,896,22,8000,290,1088,1,100,145,130,65,110,30,0,3,0,0,110,30,15,0
897,spectrier,897,20,445,290,1089,1,100,65,60,145,80,130,0,0,0,3,80,130,8,0
898,calyrex,898,11,77,250,1090,1,100,80,80,80,80,80,3,0,0,0,80,80,14,12
10001,deoxys-attack,386,17,608,270,515,0,50,180,20,180,20,150,0,2,0,1,20,150,14,0
10002,deoxys-defense,386,17,608,270,516,0,50,70,160,70,160,90,0,0,2,0,160,90,14,0
10003,deoxys-speed,386,17,608,270,517,0,50,95,90,95,90,180,0,0,0,0,90,180,14,0
10004,wormadam-sandy,413,5,65,148,543,0,60,79,105,59,85,36,0,0,2,0,85,36,7,5
10005,wormadam-trash,413,5,65,148,544,0,60,69,95,69,95,36,0,0,1,0,95,36,7,9
10006,shaymin-sky,492,4,52,270,607,0,100,103,75,120,75,127,0,0,0,0,75,127,12,3
10007,giratina-origin,487,69,6500,340,601,0,150,120,100,120,100,90,3,0,0,0,100,90,8,16
10008,rotom-heat,479,3,3,182,588,0,50,65,107,105,107,86,0,0,0,1,107,86,13,10
10009,rotom-wash,479,3,3,182,589,0,50,65,107,105,107,86,0,0,0,1,107,86,13,11
10010,rotom-frost,479,3,3,182,590,0,50,65,107,105,107,86,0,0,0,1,107,86,13,15
10011,rotom-fan,479,3,3,182,591,0,50,65,107,105,107,86,0,0,0,1,107,86,13,3
10012,rotom-mow,479,3,3,182,592,0,50,65,107,105,107,86,0,0,0,1,107,86,13,12
10013,castform-sunny,351,3,8,147,465,0,70,70,70,70,70,70,1,0,0,0,70,70,10,0
10014,castform-rainy,351,3,8,147,466,0,70,70,70,70,70,70,1,0,0,0,70,70,11,0
10015,castform-snowy,351,3,8,147,467,0,70,70,70,70,70,70,1,0,0,0,70,70,15,0
10016,basculin-blue-striped,550,10,180,161,667,0,70,92,65,80,55,98,0,0,0,0,55,98,11,0
10017,darmanitan-zen,555,13,929,189,674,0,105,30,105,140,105,55,0,0,0,2,105,55,10,14
10018,meloetta-pirouette,648,6,65,270,778,0,100,128,90,77,77,128,0,1,1,0,77,128,1,2
10019,tornadus-therian,641,14,630,290,765,0,79,100,80,110,90,121,0,0,0,0,90,121,3,0
10020,thundurus-therian,642,30,610,290,767,0,79,105,70,145,80,101,0,0,0,3,80,101,13,3
10021,landorus-therian,645,13,680,300,771,0,89,145,90,105,80,91,0,3,0,0,80,91,5,3
10022,kyurem-black,646,33,3250,350,774,0,125,170,100,120,90,95,0,3,0,0,90,95,16,15
10023,kyurem-white,646,36,3250,350,773,0,125,120,90,170,100,95,0,0,0,3,100,95,16,15
10024,keldeo-resolute,647,14,485,290,776,0,91,72,90,129,90,108,0,0,0,3,90,108,11,2
10025,meowstic-female,678,6,85,163,812,0,74,48,76,83,81,104,0,0,0,0,81,104,14,0
10026,aegislash-blade,681,17,530,250,816,0,60,140,50,140,50,60,0,2,0,1,50,60,9,8
10027,pumpkaboo-small,710,3,35,67,845,0,44,66,70,44,55,56,0,0,1,0,55,56,8,12
10028,pumpkaboo-large,710,5,75,67,846,0,54,66,70,44,55,46,0,0,1,0,55,46,8,12
10029,pumpkaboo-super,710,8,150,67,847,0,59,66,70,44,55,41,0,0,1,0,55,41,8,12
10030,gourgeist-small,711,7,95,173,849,0,55,85,122,58,75,99,0,0,2,0,75,99,8,12
10031,gourgeist-large,711,11,140,173,850,0,75,95,122,58,75,69,0,0,2,0,75,69,8,12
10032,gourgeist-super,711,17,390,173,851,0,85,100,122,58,75,54,0,0,2,0,75,54,8,12
10033,venusaur-mega,3,24,1555,281,4,0,80,100,123,122,120,80,0,0,0,2,120,80,12,4
10034,charizard-mega-x,6,17,1105,285,8,0,78,130,111,130,85,100,0,0,0,3,85,100,10,16
10035,charizard-mega-y,6,17,1005,285,9,0,78,104,78,159,115,100,0,0,0,3,115,100,10,3
10036,blastoise-mega,9,16,1011,284,13,0,79,103,120,135,115,78,0,0,0,0,115,78,11,0
10037,alakazam-mega,65,12,480,270,106,0,55,50,65,175,105,150,0,0,0,3,105,150,14,0
10038,gengar-mega,94,14,405,270,150,0,60,65,80,170,95,130,0,0,0,3,95,130,8,4
10039,kangaskhan-mega,115,22,1000,207,185,0,105,125,100,60,100,100,2,0,0,0,100,100,1,0
10040,pinsir-mega,127,17,590,210,208,0,65,155,120,65,90,105,0,2,0,0,90,105,7,3
10041,gyarados-mega,130,65,3050,224,212,0,95,155,109,70,130,81,0,2,0,0,130,81,11,17
10042,aerodactyl-mega,142,21,790,215,233,0,80,135,85,70,95,150,0,0,0,0,95,150,6,3
10043,mewtwo-mega-x,150,23,1270,351,246,0,106,190,100,154,100,130,0,0,0,3,100,130,14,2
10044,mewtwo-mega-y,150,15,330,351,247,0,106,150,70,194,120,140,0,0,0,3,120,140,14,0
10045,ampharos-mega,181,14,615,275,276,0,90,95,105,165,110,45,0,0,0,3,110,45,13,16
10046,scizor-mega,212,20,1250,210,198,0,70,150,140,65,100,75,0,2,0,0,100,75,7,9
10047,heracross-mega,214,17,625,210,311,0,80,185,115,40,105,75,0,2,0,0,105,75,7,2
10048,houndoom-mega,229,19,495,210,331,0,75,90,90,140,90,115,0,0,0,2,90,115,17,10
10049,tyranitar-mega,248,25,2550,315,343,0,100,164,150,95,120,71,0,3,0,0,120,71,6,17
10050,blaziken-mega,257,19,520,284,354,0,80,160,80,130,80,100,0,3,0,0,80,100,10,2
10051,gardevoir-mega,282,16,484,278,383,0,68,85,65,165,135,100,0,0,0,3,135,100,14,18
10052,mawile-mega,303,10,235,168,408,0,50,105,125,55,95,50,0,1,1,0,95,50,9,18
10053,aggron-mega,306,22,3950,284,412,0,70,140,230,60,80,50,0,0,3,0,80,50,9,0
10054,medicham-mega,308,13,315,179,415,0,60,100,85,80,85,100,0,0,0,0,85,100,2,14
10055,manectric-mega,310,18,440,201,418,0,70,75,80,135,80,135,0,0,0,0,80,135,13,0
10056,banette-mega,354,12,130,194,471,0,64,165,75,93,83,75,0,2,0,0,83,75,8,0
10057,absol-mega,359,12,490,198,479,0,65,150,60,115,60,115,0,2,0,0,60,115,17,0
10058,garchomp-mega,445,19,950,315,571,0,108,170,115,120,95,92,0,3,0,0,95,92,16,5
10059,lucario-mega,448,13,575,219,574,0,70,145,88,140,70,112,0,1,0,1,70,112,2,9
10060,abomasnow-mega,460,27,1850,208,586,0,90,132,105,132,105,30,0,1,0,1,105,30,12,15
10061,floette-eternal,670,2,9,243,803,0,74,65,67,125,128,92,0,0,0,0,128,92,18,0
10062,latias-mega,380,18,520,315,504,0,80,100,120,140,150,110,0,0,0,0,150,110,16,14
10063,latios-mega,381,23,700,315,506,0,80,130,100,160,120,110,0,0,0,3,120,110,16,14
10064,swampert-mega,260,19,1020,286,358,0,100,150,110,95,110,70,0,3,0,0,110,70,11,5
10065,sceptile-mega,254,19,552,284,350,0,70,110,75,145,85,145,0,0,0,0,85,145,12,16
10066,sableye-mega,302,5,1610,168,406,0,50,85,125,85,115,20,0,1,1,0,115,20,17,8
10067,altaria-mega,334,15,206,207,447,0,75,110,110,110,105,80,0,0,0,0,105,80,16,18
10068,gallade-mega,475,16,564,278,385,0,68,165,95,65,115,110,0,3,0,0,115,110,14,2
10069,audino-mega,531,15,320,425,647,0,103,60,126,80,126,50,2,0,0,0,126,50,1,18
10070,sharpedo-mega,319,25,1303,196,430,0,70,140,70,110,65,105,0,2,0,0,65,105,11,17
10071,slowbro-mega,80,20,1200,207,128,0,95,75,180,130,80,30,0,0,2,0,80,30,11,14
10072,steelix-mega,208,105,7400,214,153,0,75,125,230,55,95,30,0,0,2,0,95,30,9,5
10073,pidgeot-mega,18,22,505,261,24,0,83,80,80,135,80,121,0,0,0,0,80,121,1,3
10074,glalie-mega,362,21,3502,203,482,0,80,120,80,120,80,100,2,0,0,0,80,100,15,0
10075,diancie-mega,719,11,278,315,864,0,50,160,110,160,110,110,0,0,1,0,110,110,6,18
10076,metagross-mega,376,25,9429,315,499,0,80,145,150,105,110,110,0,0,3,0,110,110,9,14
10077,kyogre-primal,382,98,4300,347,508,0,100,150,90,180,160,90,0,0,0,3,160,90,11,0
10078,groudon-primal,383,50,9997,347,510,0,100,180,160,150,90,90,0,3,0,0,90,90,5,10
10079,rayquaza-mega,384,108,3920,351,512,0,105,180,100,180,100,115,0,2,0,1,100,115,16,3
10080,pikachu-rock-star,25,4,60,112,37,0,35,55,40,50,50,90,0,0,0,0,50,90,13,0
10081,pikachu-belle,25,4,60,112,38,0,35,55,40,50,50,90,0,0,0,0,50,90,13,0
10082,pikachu-pop-star,25,4,60,112,39,0,35,55,40,50,50,90,0,0,0,0,50,90,13,0
10083,pikachu-phd,25,4,60,112,40,0,35,55,40,50,50,90,0,0,0,0,50,90,13,0
10084,pikachu-libre,25,4,60,112,41,0,35,55,40,50,50,90,0,0,0,0,50,90,13,0
10085,pikachu-cosplay,25,4,60,112,36,0,35,55,40,50,50,90,0,0,0,0,50,90,13,0
10086,hoopa-unbound,720,65,4900,306,866,0,80,160,60,170,130,80,0,0,0,3,130,80,14,17
10087,camerupt-mega,323,25,3205,196,435,0,70,120,100,145,105,20,0,1,0,1,105,20,10,5
10088,lopunny-mega,428,13,283,203,559,0,65,136,94,54,96,135,0,0,0,0,96,135,1,2
10089,salamence-mega,373,18,1126,315,495,0,95,145,130,120,90,120,0,3,0,0,90,120,16,3
10090,beedrill-mega,15,14,405,223,20,0,65,150,40,15,80,145,0,2,0,0,80,145,7,4
10091,rattata-alola,19,3,38,51,26,0,30,56,35,25,35,72,0,0,0,0,35,72,17,1
10092,raticate-alola,20,7,255,145,28,0,75,71,70,40,80,77,0,0,0,0,80,77,17,1
10093,raticate-totem-alola,20,14,1050,145,29,0,75,71,70,40,80,77,0,0,0,0,80,77,17,1
10094,pikachu-original-cap,25,4,60,112,42,0,35,55,40,50,50,90,0,0,0,0,50,90,13,0
10095,pikachu-hoenn-cap,25,4,60,112,43,0,35,55,40,50,50,90,0,0,0,0,50,90,13,0
10096,pikachu-sinnoh-cap,25,4,60,112,44,0,35,55,40,50,50,90,0,0,0,0,50,90,13,0
10097,pikachu-unova-cap,25,4,60,112,45,0,35,55,40,50,50,90,0,0,0,0,50,90,13,0
10098,pikachu-kalos-cap,25,4,60,112,46,0,35,55,40,50,50,90,0,0,0,0,50,90,13,0
10099,pikachu-alola-cap,25,4,60,112,47,0,35,55,40,50,50,90,0,0,0,0,50,90,13,0
10100,raichu-alola,26,7,210,243,52,0,60,85,50,95,85,110,0,0,0,0,85,110,13,14
10101,sandshrew-alola,27,7,400,60,54,0,50,75,90,10,35,40,0,0,1,0,35,40,15,9
10102,sandslash-alola,28,12,550,158,56,0,75,100,120,25,65,65,0,0,2,0,65,65,15,9
10103,vulpix-alola,37,6,99,60,67,0,38,41,40,50,65,65,0,0,0,0,65,65,15,0
10104,ninetales-alola,38,11,199,177,69,0,73,67,75,81,100,109,0,0,0,0,100,109,15,18
10105,diglett-alola,50,2,10,53,85,0,10,55,30,35,45,90,0,0,0,0,45,90,5,9
10106,dugtrio-alola,51,7,666,149,87,0,35,100,60,50,70,110,0,2,0,0,70,110,5,9
10107,meowth-alola,52,4,42,58,89,0,40,35,35,50,40,90,0,0,0,0,40,90,17,0
10108,persian-alola,53,11,330,154,92,0,65,60,60,75,65,115,0,0,0,0,65,115,17,0
10109,geodude-alola,74,4,203,60,116,0,40,80,100,30,30,20,0,0,1,0,30,20,6,13
10110,graveler-alola,75,10,1100,137,118,0,55,95,115,45,45,35,0,0,2,0,45,35,6,13
10111,golem-alola,76,17,3160,223,120,0,80,120,130,55,65,45,0,0,3,0,65,45,6,13
10112,grimer-alola,88,7,420,65,142,0,80,80,50,40,50,25,1,0,0,0,50,25,4,17
10113,muk-alola,89,10,520,175,144,0,105,105,75,65,100,50,1,1,0,0,100,50,4,17
10114,exeggutor-alola,103,109,4156,186,162,0,95,105,85,125,75,45,0,0,0,2,75,45,12,16
10115,marowak-alola,105,10,340,149,165,0,60,80,110,50,80,45,0,0,2,0,80,45,10,8
10116,greninja-battle-bond,658,15,400,239,789,0,72,95,67,103,71,122,0,0,0,0,71,122,11,17
10117,greninja-ash,658,15,400,288,790,0,72,145,67,153,71,132,0,0,0,0,71,132,11,17
10118,zygarde-10-power-construct,718,12,335,243,860,0,54,100,71,61,85,115,3,0,0,0,85,115,16,5
10119,zygarde-50-power-construct,718,50,3050,300,861,0,108,100,121,81,95,95,3,0,0,0,95,95,16,5
10120,zygarde-complete,718,45,6100,354,862,0,216,100,121,91,95,85,3,0,0,0,95,85,16,5
10121,gumshoos-totem,735,14,600,146,882,0,88,110,60,55,60,45,0,2,0,0,60,45,1,0
10122,vikavolt-totem,738,26,1475,225,886,0,77,70,90,145,75,43,0,0,0,3,75,43,7,13
10123,oricorio-pom-pom,741,6,34,167,890,0,75,70,70,98,70,93,0,0,0,2,70,93,13,3
10124,oricorio-pau,741,6,34,167,891,0,75,70,70,98,70,93,0,0,0,2,70,93,14,3
10125,oricorio-sensu,741,6,34,167,892,0,75,70,70,98,70,93,0,0,0,2,70,93,8,3
10126,lycanroc-midnight,745,11,250,170,899,0,85,115,75,55,75,82,0,2,0,0,75,82,6,0
10127,wishiwashi-school,746,82,786,217,902,0,45,140,130,140,135,30,1,0,0,0,135,30,11,0
10128,lurantis-totem,754,15,580,168,912,0,70,105,90,80,90,45,0,2,0,0,90,45,12,0
10129,salazzle-totem,758,21,810,168,917,0,68,64,60,111,60,117,0,0,0,0,60,117,4,10
10130,minior-orange-meteor,774,3,400,154,934,0,60,60,100,60,100,60,0,0,1,0,100,60,6,3
10131,minior-yellow-meteor,774,3,400,154,935,0,60,60,100,60,100,60,0,0,1,0,100,60,6,3
10132,minior-green-meteor,774,3,400,154,936,0,60,60,100,60,100,60,0,0,1,0,100,60,6,3
10133,minior-blue-meteor,774,3,400,154,937,0,60,60,100,60,100,60,0,0,1,0,100,60,6,3
10134,minior-indigo-meteor,774,3,400,154,938,0,60,60,100,60,100,60,0,0,1,0,100,60,6,3
10135,minior-violet-meteor,774,3,400,154,939,0,60,60,100,60,100,60,0,0,1,0,100,60,6,3
10136,minior-red,774,3,3,175,940,0,60,100,60,100,60,120,0,1,0,1,60,120,6,3
10137,minior-orange,774,3,3,175,941,0,60,100,60,100,60,120,0,1,0,1,60,120,6,3
10138,minior-yellow,774,3,3,175,942,0,60,100,60,100,60,120,0,1,0,1,60,120,6,3
10139,minior-green,774,3,3,175,943,0,60,100,60,100,60,120,0,1,0,1,60,120,6,3
10140,minior-blue,774,3,3,175,944,0,60,100,60,100,60,120,0,1,0,1,60,120,6,3
10141,minior-indigo,774,3,3,175,945,0,60,100,60,100,60,120,0,1,0,1,60,120,6,3
10142,minior-violet,774,3,3,175,946,0,60,100,60,100,60,120,0,1,0,1,60,120,6,3
10143,mimikyu-busted,778,2,7,167,952,0,55,90,80,50,105,96,0,0,0,0,105,96,8,18
10144,mimikyu-totem-disguised,778,4,28,167,953,0,55,90,80,50,105,96,0,0,0,0,105,96,8,18
10145,mimikyu-totem-busted,778,4,28,167,954,0,55,90,80,50,105,96,0,0,0,0,105,96,8,18
10146,kommo-o-totem,784,24,2075,270,961,0,75,110,125,100,105,85,0,0,3,0,105,85,16,2
10147,magearna-original,801,10,805,300,982,0,80,95,115,130,115,65,0,0,0,3,115,65,9,18
10148,pikachu-partner-cap,25,4,60,112,48,0,35,55,40,50,50,90,0,0,0,0,50,90,13,0
10149,marowak-totem,105,17,980,149,166,0,60,80,110,50,80,45,0,0,2,0,80,45,10,8
10150,ribombee-totem,743,4,20,162,895,0,60,55,60,95,70,124,0,0,0,0,70,124,7,18
10151,rockruff-own-tempo,744,5,92,56,897,0,45,65,40,30,40,60,0,1,0,0,40,60,6,0
10152,lycanroc-dusk,745,8,250,170,900,0,75,117,65,55,65,110,0,2,0,0,65,110,6,0
10153,araquanid-totem,752,31,2175,159,909,0,68,70,92,50,132,42,0,0,0,0,132,42,11,7
10154,togedemaru-totem,777,6,130,152,950,0,65,98,63,40,73,96,0,2,0,0,73,96,13,9
10155,necrozma-dusk,800,38,4600,340,978,0,97,157,127,113,109,77,0,3,0,0,109,77,14,9
10156,necrozma-dawn,800,42,3500,340,979,0,97,113,109,157,127,77,0,0,0,3,127,77,14,8
10157,necrozma-ultra,800,75,2300,339,980,0,97,167,97,167,97,129,0,1,0,1,97,129,14,16
10158,pikachu-starter,25,4,60,86,49,0,45,80,50,75,60,120,0,0,0,0,60,120,13,0
10159,eevee-starter,133,3,65,87,216,0,65,75,70,65,85,75,0,0,0,0,85,75,1,0
10160,pikachu-world-cap,25,4,60,112,50,0,35,55,40,50,50,90,0,0,0,0,50,90,13,0
10161,meowth-galar,52,4,75,58,90,0,50,65,55,40,40,40,0,1,0,0,40,40,9,0
10162,ponyta-galar,77,8,240,82,122,0,50,85,55,65,65,90,0,0,0,0,65,90,14,0
10163,rapidash-galar,78,17,800,175,124,0,65,100,70,80,80,105,0,0,0,0,80,105,14,18
10164,slowpoke-galar,79,12,360,63,126,0,90,65,65,40,40,15,1,0,0,0,40,15,14,0
10165,slowbro-galar,80,16,705,172,129,0,95,100,95,100,70,30,0,2,0,0,70,30,4,14
10166,farfetchd-galar,83,8,420,132,136,0,52,95,55,58,62,55,0,1,0,0,62,55,2,0
10167,weezing-galar,110,30,160,172,175,0,65,90,120,85,70,60,0,0,2,0,70,60,4,18
10168,mr-mime-galar,122,14,568,161,195,0,50,65,65,90,90,100,0,0,0,0,90,100,15,14
10169,articuno-galar,144,17,509,290,237,0,90,85,85,125,100,95,0,0,0,3,100,95,14,3
10170,zapdos-galar,145,16,582,290,239,0,90,125,90,85,90,100,0,3,0,0,90,100,2,3
10171,moltres-galar,146,20,660,290,241,0,90,85,90,100,125,90,0,0,0,0,125,90,17,3
10172,slowking-galar,199,18,795,172,131,0,95,65,80,110,110,30,0,0,0,0,110,30,4,14
10173,corsola-galar,222,6,5,144,322,0,60,55,100,65,100,30,0,0,0,0,100,30,8,0
10174,zigzagoon-galar,263,4,175,56,362,0,38,30,41,30,41,60,0,0,0,0,41,60,17,1
10175,linoone-galar,264,5,325,147,364,0,78,70,61,50,61,100,0,0,0,0,61,100,17,1
10176,darumaka-galar,554,7,400,63,672,0,70,90,45,15,45,50,0,1,0,0,45,50,15,0
10177,darmanitan-galar-standard,555,17,1200,168,675,0,105,140,55,30,55,95,0,2,0,0,55,95,15,0
10178,darmanitan-galar-zen,555,17,1200,189,676,0,105,160,55,30,55,135,0,0,0,2,55,135,15,10
10179,yamask-galar,562,5,15,61,684,0,38,55,85,30,65,30,0,0,1,0,65,30,5,8
10180,stunfisk-galar,618,7,205,165,741,0,109,81,99,66,84,32,2,0,0,0,84,32,5,9
10181,zygarde-10,718,12,335,243,859,0,54,100,71,61,85,115,3,0,0,0,85,115,16,5
10182,cramorant-gulping,845,8,180,166,1027,0,70,85,55,85,95,85,0,0,0,0,95,85,3,11
10183,cramorant-gorging,845,8,180,166,1028,0,70,85,55,85,95,85,0,0,0,0,95,85,3,11
10184,toxtricity-low-key,849,16,400,176,1033,0,75,98,70,114,70,75,0,0,0,2,70,75,13,4
10185,eiscue-noice,875,14,890,165,1060,0,75,80,70,65,50,130,0,0,2,0,50,130,15,0
10186,indeedee-female,876,9,280,166,1062,0,70,55,65,95,105,85,0,0,0,0,105,85,14,1
10187,morpeko-hangry,877,3,30,153,1064,0,58,95,58,70,58,97,0,0,0,0,58,97,13,17
10188,zacian-crowned,888,28,3550,360,1076,0,92,170,115,80,115,148,0,0,0,0,115,148,18,9
10189,zamazenta-crowned,889,29,7850,360,1078,0,92,130,145,80,145,128,0,0,0,0,145,128,2,9
10190,eternatus-eternamax,890,1000,0,563,1080,0,255,115,250,125,250,130,3,0,0,0,250,130,4,16
10191,urshifu-rapid-strike,892,19,1050,275,1083,0,100,130,100,63,60,97,0,3,0,0,60,97,2,11
10192,zarude-dada,893,18,700,300,1085,0,105,120,105,70,95,105,0,3,0,0,95,105,17,12
10193,calyrex-ice,898,24,8091,340,1091,0,100,165,150,85,130,50,0,3,0,0,130,50,14,15
10194,calyrex-shadow,898,24,536,340,1092,0,100,85,80,165,100,150,0,0,0,3,100,150,14,8